Startup_ID,Startup_Name,Funding_Year,Country,Sector,Funding_Stage,Funding_Amount_USD_Million,Valuation_USD_Million,Employees,Investors_Count,Funding_Size,Funding_Per_Employee,Valuation_to_Funding_Ratio,Funding_Per_Investor
AI0543,Future Tech 543,2020,Singapore,Robotics,Series A,3.42,17.25,9,14,Low Funding,380000.0,5.043859649122807,0.24428571428571427
AI0260,Mind Intelligence 260,2020,Brazil,Agriculture AI,Series A,1.57,9.9,10,12,Low Funding,157000.0,6.305732484076433,0.13083333333333333
AI0044,Astra Intelligence 44,2025,Japan,Autonomous Vehicles,Series C,113.39,848.48,985,2,High Funding,115116.75126903554,7.482846811888174,56.695
AI1011,NexGen Systems 1011,2022,Australia,Agriculture AI,Seed,0.65,2.05,8,17,Low Funding,81250.0,3.1538461538461533,0.03823529411764706
AI0755,Orbit Systems 755,2019,France,Generative AI,Late Stage,148.08,1114.66,1044,1,High Funding,141839.0804597701,7.527417612101567,148.08
AI0311,Intelli Robotics 311,2025,Australia,Cybersecurity AI,Series B,19.18,73.44,173,12,High Funding,110867.05202312139,3.8289885297184565,1.5983333333333334
AI0756,Astra Intelligence 756,2023,South Korea,Cybersecurity AI,Series A,1.93,18.29,9,5,Low Funding,214444.44444444444,9.476683937823834,0.386
AI0468,Vertex AI 468,2018,Brazil,NLP,Seed,0.96,4.6,3,11,Low Funding,320000.0,4.791666666666666,0.08727272727272727
AI0211,Cognify Systems 211,2024,Netherlands,AI Infrastructure,Series B,11.95,61.03,123,12,High Funding,97154.47154471544,5.107112970711298,0.9958333333333332
AI0156,Logic Systems 156,2019,UAE,Generative AI,Series C,16.0,57.96,72,10,High Funding,222222.22222222222,3.6225,1.6
AI1109,Data Labs 1109,2023,UAE,Computer Vision,Series C,93.32,711.01,379,12,High Funding,246226.9129287599,7.619052721817403,7.776666666666666
AI0712,Logic Robotics 712,2019,Brazil,Generative AI,Seed,0.71,8.36,11,11,Low Funding,64545.454545454544,11.774647887323944,0.06454545454545454
AI0410,Cognify Robotics 410,2023,Brazil,Retail AI,Series B,28.74,304.76,200,7,High Funding,143700.0,10.604036186499652,4.105714285714286
AI0495,NexGen AI 495,2022,Canada,EdTech AI,Seed,1.4,9.05,7,13,Low Funding,200000.0,6.464285714285715,0.10769230769230768
AI0701,Neural Systems 701,2019,South Korea,Robotics,Seed,1.41,6.88,3,7,Low Funding,470000.0,4.879432624113475,0.20142857142857143
AI0524,Intelli Tech 524,2024,Canada,Computer Vision,Pre-Seed,0.44,2.04,4,3,Low Funding,110000.0,4.636363636363637,0.14666666666666667
AI0810,Mind Analytics 810,2022,Netherlands,Robotics,Seed,0.86,9.8,9,15,Low Funding,95555.55555555556,11.395348837209303,0.05733333333333333
AI0553,Deep Tech 553,2022,Germany,Cybersecurity AI,Series D,74.55,792.36,543,11,High Funding,137292.817679558,10.62857142857143,6.777272727272727
AI0754,Cognify Systems 754,2019,Netherlands,Autonomous Vehicles,Series B,26.63,211.62,127,1,High Funding,209685.03937007874,7.9466766804355995,26.63
AI0424,Mind Labs 424,2020,Canada,EdTech AI,Seed,0.4,2.19,5,2,Low Funding,80000.0,5.475,0.2
AI0381,Orbit Tech 381,2025,Canada,EdTech AI,Series D,211.34,1724.3,956,5,High Funding,221066.94560669456,8.158890886722816,42.268
AI0962,Cognify AI 962,2018,France,Healthcare AI,Seed,0.52,5.06,4,13,Low Funding,130000.0,9.73076923076923,0.04
AI1151,Future Intelligence 1151,2022,Netherlands,NLP,Pre-Seed,0.55,4.43,6,14,Low Funding,91666.66666666667,8.054545454545453,0.03928571428571429
AI0353,Nova Analytics 353,2018,India,Marketing AI,Pre-Seed,0.19,1.55,13,14,Low Funding,14615.384615384615,8.157894736842106,0.013571428571428571
AI0299,Core AI 299,2022,Singapore,Marketing AI,Seed,0.84,3.45,11,17,Low Funding,76363.63636363637,4.107142857142858,0.04941176470588235
AI1032,Astra Systems 1032,2025,Brazil,Autonomous Vehicles,Seed,1.03,6.15,14,16,Low Funding,73571.42857142857,5.9708737864077674,0.064375
AI0425,Synth AI 425,2025,UK,EdTech AI,Pre-Seed,0.43,2.79,7,16,Low Funding,61428.57142857143,6.488372093023256,0.026875
AI0989,Deep Analytics 989,2019,India,Robotics,Pre-Seed,0.25,1.6,3,1,Low Funding,83333.33333333333,6.4,0.25
AI0332,Core Robotics 332,2018,Brazil,Retail AI,Series D,35.31,139.4,124,4,High Funding,284758.06451612903,3.947890116114415,8.8275
AI0129,Orbit Tech 129,2021,Australia,Robotics,Seed,1.12,6.01,11,5,Low Funding,101818.18181818182,5.366071428571428,0.22400000000000003
AI0535,NexGen AI 535,2020,Switzerland,Climate AI,Series B,13.56,141.33,167,4,High Funding,81197.60479041917,10.422566371681416,3.39
AI0108,Future Analytics 108,2021,China,AI Infrastructure,Series A,1.28,11.49,68,13,Low Funding,18823.529411764706,8.9765625,0.09846153846153846
AI0372,Vertex Labs 372,2025,Germany,Cybersecurity AI,Seed,2.39,10.52,14,2,Low Funding,170714.2857142857,4.401673640167363,1.195
AI0606,Synth Labs 606,2020,Germany,Generative AI,Series A,3.8,11.66,6,6,Low Funding,633333.3333333334,3.068421052631579,0.6333333333333333
AI0903,Vision Robotics 903,2023,UK,Climate AI,Seed,1.21,13.85,5,11,Low Funding,242000.0,11.446280991735538,0.11
AI0079,Astra Intelligence 79,2024,Germany,Legal AI,Series B,17.52,201.4,66,16,High Funding,265454.54545454547,11.495433789954339,1.095
AI1140,Astra Robotics 1140,2018,USA,Healthcare AI,Series B,31.38,158.49,268,7,High Funding,117089.55223880598,5.050669216061186,4.482857142857143
AI0618,Logic Systems 618,2025,Netherlands,Generative AI,Series A,4.06,41.71,57,5,Low Funding,71228.0701754386,10.273399014778326,0.8119999999999999
AI0077,Deep Analytics 77,2021,USA,Retail AI,Seed,2.77,25.31,21,2,Low Funding,131904.7619047619,9.137184115523466,1.385
AI0773,Vision Analytics 773,2018,Israel,Robotics,Seed,1.4,14.97,16,9,Low Funding,87500.0,10.692857142857145,0.15555555555555556
AI0045,Core Analytics 45,2021,India,AI Infrastructure,Series C,41.34,347.43,626,7,High Funding,66038.33865814697,8.40420899854862,5.905714285714287
AI0644,NexGen Labs 644,2018,UK,Cybersecurity AI,Series B,23.5,126.77,487,17,High Funding,48254.62012320328,5.394468085106383,1.3823529411764706
AI0970,Nova Labs 970,2020,USA,Computer Vision,Late Stage,218.97,825.6,2410,12,High Funding,90858.92116182572,3.7703795040416495,18.2475
AI0114,NexGen Intelligence 114,2023,Netherlands,FinTech AI,Series C,51.1,155.95,209,15,High Funding,244497.6076555024,3.051859099804305,3.4066666666666667
AI0436,Intelli Labs 436,2025,South Korea,Healthcare AI,Series B,86.06,276.41,693,11,High Funding,124184.70418470418,3.2118289565419476,7.823636363636364
AI0266,Logic Robotics 266,2019,South Korea,Generative AI,Series A,3.95,46.11,26,6,Low Funding,151923.07692307694,11.673417721518987,0.6583333333333333
AI0574,Core Tech 574,2019,Singapore,NLP,Seed,0.73,8.69,12,8,Low Funding,60833.333333333336,11.904109589041095,0.09125
AI1081,Nova Tech 1081,2020,China,EdTech AI,Seed,3.73,24.76,23,10,Low Funding,162173.91304347827,6.638069705093835,0.373
AI1085,Vision AI 1085,2023,Canada,Agriculture AI,Series C,39.98,217.44,383,4,High Funding,104386.4229765013,5.43871935967984,9.995
AI1070,Mind Systems 1070,2022,Canada,AI Infrastructure,Series A,0.85,10.2,15,8,Low Funding,56666.666666666664,12.0,0.10625
AI0479,Deep Robotics 479,2018,Israel,Healthcare AI,Series D,10.01,59.79,192,16,High Funding,52135.416666666664,5.973026973026973,0.625625
AI0241,Orbit Tech 241,2019,South Korea,Healthcare AI,Series C,36.66,425.45,773,16,High Funding,47425.61448900388,11.60529187124932,2.29125
AI0193,Cognify Robotics 193,2018,Canada,Cybersecurity AI,Series D,56.89,665.83,1139,13,High Funding,49947.32221246708,11.703814378625419,4.376153846153846
AI0421,Synth Intelligence 421,2019,USA,Legal AI,Seed,2.14,7.68,11,15,Low Funding,194545.45454545456,3.5887850467289715,0.14266666666666666
AI0790,Future AI 790,2024,Australia,Healthcare AI,Series B,5.27,55.5,47,4,Low Funding,112127.65957446808,10.531309297912715,1.3175
AI0887,Logic Labs 887,2018,Israel,Climate AI,Series C,36.8,377.22,357,14,High Funding,103081.2324929972,10.250543478260871,2.6285714285714286
AI0298,Quantum Systems 298,2024,Israel,Marketing AI,Seed,3.48,32.63,34,4,Low Funding,102352.94117647059,9.376436781609197,0.87
AI0865,Synth Tech 865,2021,UAE,EdTech AI,Series D,37.13,172.67,467,12,High Funding,79507.49464668095,4.65041745219499,3.0941666666666667
AI0592,Intelli Intelligence 592,2025,Israel,Cybersecurity AI,Series D,192.84,2187.19,557,14,High Funding,346211.8491921005,11.341993362372952,13.774285714285714
AI0082,Vision Systems 82,2021,Israel,Legal AI,Series D,110.89,1175.74,1418,7,High Funding,78201.69252468266,10.602759491387863,15.84142857142857
AI1166,Intelli Tech 1166,2019,China,NLP,Series B,12.17,48.91,119,14,High Funding,102268.9075630252,4.018898931799507,0.8692857142857143
AI0746,Vertex Intelligence 746,2019,Brazil,Computer Vision,Series D,71.02,690.65,1083,7,High Funding,65577.10064635273,9.724725429456491,10.145714285714286
AI0050,NexGen AI 50,2023,Israel,Generative AI,Series B,10.96,40.36,391,5,High Funding,28030.6905370844,3.682481751824817,2.192
AI0351,Alpha Systems 351,2021,Australia,Autonomous Vehicles,Seed,1.97,7.01,21,15,Low Funding,93809.52380952382,3.5583756345177666,0.13133333333333333
AI0679,Synth Robotics 679,2019,UK,Autonomous Vehicles,Series B,19.77,204.86,105,5,High Funding,188285.7142857143,10.362164896307538,3.9539999999999997
AI0411,Synth Intelligence 411,2020,Canada,Marketing AI,Series C,29.42,259.92,209,4,High Funding,140765.55023923446,8.83480625424881,7.355
AI0904,Vision Robotics 904,2024,Japan,Robotics,Pre-Seed,0.64,3.13,11,8,Low Funding,58181.818181818184,4.890625,0.08
AI0152,Intelli Labs 152,2020,Brazil,EdTech AI,Series D,227.6,2033.45,1228,8,High Funding,185342.01954397393,8.934314586994727,28.45
AI0932,Alpha Robotics 932,2021,Switzerland,Agriculture AI,Series C,15.76,71.6,293,15,High Funding,53788.39590443686,4.543147208121827,1.0506666666666666
AI0988,Vision Tech 988,2021,Singapore,Climate AI,Series C,13.72,146.12,55,14,High Funding,249454.54545454544,10.650145772594753,0.9800000000000001
AI0363,Nova Intelligence 363,2018,South Korea,Computer Vision,Pre-Seed,0.15,1.73,42,16,Low Funding,3571.4285714285716,11.533333333333333,0.009375
AI0345,NexGen Labs 345,2020,France,EdTech AI,Series A,9.55,93.81,36,3,High Funding,265277.77777777775,9.823036649214659,3.1833333333333336
AI0071,Mind AI 71,2019,Japan,Climate AI,Seed,0.44,4.78,14,13,Low Funding,31428.571428571428,10.863636363636363,0.033846153846153845
AI0910,Vertex Intelligence 910,2023,Canada,Legal AI,Series A,7.61,42.59,90,12,High Funding,84555.55555555556,5.596583442838371,0.6341666666666667
AI0024,Quantum Systems 24,2025,UK,Climate AI,Pre-Seed,0.96,9.08,36,5,Low Funding,26666.666666666668,9.458333333333334,0.192
AI0102,Neural Analytics 102,2019,UAE,Autonomous Vehicles,Series A,1.4,7.17,30,11,Low Funding,46666.666666666664,5.121428571428572,0.12727272727272726
AI0707,Deep Intelligence 707,2021,South Korea,Computer Vision,Series C,25.42,116.61,186,6,High Funding,136666.66666666666,4.587332808811959,4.236666666666667
AI0059,Alpha Analytics 59,2020,Brazil,Healthcare AI,Late Stage,94.5,777.41,526,12,High Funding,179657.79467680608,8.226560846560846,7.875
AI0645,Mind Systems 645,2025,Canada,Marketing AI,Series C,95.99,1134.59,1675,3,High Funding,57307.46268656717,11.81987707052818,31.996666666666666
AI1122,Intelli AI 1122,2020,France,Marketing AI,Seed,0.53,3.72,36,4,Low Funding,14722.222222222223,7.018867924528302,0.1325
AI1106,Vertex Labs 1106,2021,Japan,FinTech AI,Pre-Seed,0.15,1.67,3,5,Low Funding,50000.0,11.133333333333333,0.03
AI0362,NexGen Tech 362,2018,Israel,Marketing AI,Series B,7.41,64.61,43,4,High Funding,172325.58139534883,8.719298245614034,1.8525
AI1165,Nova Systems 1165,2022,France,AI Infrastructure,Series A,3.99,36.25,26,4,Low Funding,153461.53846153847,9.085213032581454,0.9975
AI0219,Vision AI 219,2025,Switzerland,Retail AI,Pre-Seed,1.15,4.65,17,1,Low Funding,67647.05882352941,4.043478260869565,1.15
AI0297,Core Tech 297,2023,UAE,NLP,Series B,6.5,56.26,56,17,High Funding,116071.42857142857,8.655384615384616,0.38235294117647056
AI0965,Synth AI 965,2024,Australia,Robotics,Series A,3.23,30.97,13,2,Low Funding,248461.53846153847,9.588235294117647,1.615
AI0482,NexGen Systems 482,2023,South Korea,Agriculture AI,Pre-Seed,0.42,4.89,13,7,Low Funding,32307.69230769231,11.642857142857142,0.06
AI0232,Vertex Labs 232,2021,France,Agriculture AI,Series A,5.43,42.91,43,13,Low Funding,126279.06976744186,7.902394106813996,0.4176923076923077
AI0765,Cognify Intelligence 765,2022,UK,AI Infrastructure,Series A,4.17,27.84,13,2,Low Funding,320769.23076923075,6.676258992805756,2.085
AI0948,Intelli Intelligence 948,2025,Netherlands,EdTech AI,Late Stage,361.77,3490.81,1938,9,High Funding,186671.826625387,9.6492522873649,40.196666666666665
AI0902,Mind Intelligence 902,2021,China,Autonomous Vehicles,Seed,0.92,10.87,16,1,Low Funding,57500.0,11.815217391304346,0.92
AI0052,Core Labs 52,2023,China,AI Infrastructure,Series A,10.58,104.03,195,5,High Funding,54256.41025641026,9.832703213610586,2.116
AI0582,Mind Tech 582,2018,Singapore,Retail AI,Series A,11.95,80.98,183,17,High Funding,65300.54644808743,6.7765690376569045,0.7029411764705882
AI1027,Astra Labs 1027,2019,Canada,Autonomous Vehicles,Series D,59.34,547.32,1041,5,High Funding,57002.881844380405,9.223458038422649,11.868
AI0554,Logic Tech 554,2021,France,EdTech AI,Series B,62.04,295.81,719,17,High Funding,86286.5090403338,4.768052869116699,3.6494117647058824
AI0486,Future Systems 486,2023,South Korea,NLP,Series A,14.73,150.85,141,17,High Funding,104468.08510638298,10.241004752206381,0.8664705882352941
AI1167,Future Tech 1167,2022,France,EdTech AI,Series B,8.06,50.6,290,4,High Funding,27793.103448275866,6.277915632754342,2.015
AI0110,Astra AI 110,2024,China,NLP,Late Stage,158.78,1359.26,4671,8,High Funding,33992.72104474417,8.560649955913844,19.8475
AI0619,Deep Labs 619,2024,India,Cybersecurity AI,Pre-Seed,0.15,1.19,7,10,Low Funding,21428.571428571428,7.933333333333334,0.015
AI0124,NexGen Labs 124,2024,UAE,AI Infrastructure,Series B,42.75,474.49,281,16,High Funding,152135.23131672599,11.099181286549708,2.671875
AI0055,NexGen Tech 55,2024,UK,Computer Vision,Series A,10.35,36.15,138,3,High Funding,75000.0,3.4927536231884058,3.4499999999999997
AI0918,Orbit AI 918,2021,Canada,Legal AI,Series A,4.81,49.91,23,16,Low Funding,209130.4347826087,10.376299376299377,0.300625
AI0711,Orbit Systems 711,2024,Canada,AI Infrastructure,Series D,50.1,202.41,182,4,High Funding,275274.7252747253,4.040119760479041,12.525
AI0057,Neural Analytics 57,2025,Singapore,Retail AI,Series A,17.26,176.65,40,4,High Funding,431500.0,10.234646581691772,4.315
AI0087,Logic Robotics 87,2023,South Korea,Cybersecurity AI,Series B,17.54,104.16,142,2,High Funding,123521.12676056338,5.93842645381984,8.77
AI0716,Vision Analytics 716,2025,Switzerland,Generative AI,Series A,5.525,55.66,32,7,High Funding,172656.25,10.074208144796378,0.7892857142857144
AI0927,Synth AI 927,2022,Netherlands,FinTech AI,Seed,0.74,5.52,23,11,Low Funding,32173.91304347826,7.459459459459459,0.06727272727272728
AI0276,Logic Analytics 276,2021,France,EdTech AI,Late Stage,183.65,1808.5,1656,14,High Funding,110899.75845410628,9.847536074053906,13.117857142857144
AI1183,Astra Systems 1183,2025,UK,Healthcare AI,Series A,7.0,43.25,92,10,High Funding,76086.95652173914,6.178571428571429,0.7
AI0448,Orbit Intelligence 448,2023,USA,Healthcare AI,Series C,54.92,215.89,668,8,High Funding,82215.56886227545,3.930990531682447,6.865
AI0171,Synth Robotics 171,2025,India,EdTech AI,Seed,1.42,9.06,26,17,Low Funding,54615.38461538462,6.380281690140846,0.08352941176470588
AI0882,Data AI 882,2023,South Korea,Cybersecurity AI,Pre-Seed,0.63,2.74,3,10,Low Funding,210000.0,4.34920634920635,0.063
AI0911,Logic Intelligence 911,2020,China,Legal AI,Seed,1.9,9.43,63,4,Low Funding,30158.73015873016,4.963157894736842,0.475
AI1134,Future Systems 1134,2024,France,Marketing AI,Seed,1.32,15.31,7,15,Low Funding,188571.42857142858,11.598484848484848,0.08800000000000001
AI0322,Core AI 322,2022,India,Climate AI,Series C,60.95,684.91,378,5,High Funding,161243.38624338625,11.237243642329778,12.190000000000001
AI0561,Future Robotics 561,2021,Germany,NLP,Series D,18.29,176.18,149,12,High Funding,122751.67785234899,9.632586112629854,1.5241666666666667
AI0433,Quantum Robotics 433,2022,Germany,Robotics,Seed,1.75,17.72,17,9,Low Funding,102941.17647058824,10.125714285714285,0.19444444444444445
AI0429,Vertex Labs 429,2018,South Korea,Robotics,Pre-Seed,0.15,0.83,17,14,Low Funding,8823.529411764706,5.533333333333333,0.010714285714285714
AI0637,Deep Systems 637,2018,USA,Generative AI,Seed,0.37,3.46,12,11,Low Funding,30833.333333333332,9.35135135135135,0.03363636363636364
AI0981,Nova Intelligence 981,2021,India,Marketing AI,Pre-Seed,1.21,12.65,7,11,Low Funding,172857.14285714287,10.454545454545455,0.11
AI0893,Core AI 893,2018,UK,Robotics,Series C,65.46,672.38,632,12,High Funding,103575.9493670886,10.27161625420104,5.454999999999999
AI0650,Deep Tech 650,2022,Canada,EdTech AI,Series A,2.79,8.8,25,16,Low Funding,111600.0,3.154121863799283,0.174375
AI1132,Astra Analytics 1132,2019,Israel,AI Infrastructure,Series B,7.52,23.98,37,11,High Funding,203243.24324324325,3.188829787234043,0.6836363636363636
AI1024,Vertex Intelligence 1024,2019,USA,Healthcare AI,Series A,1.78,5.52,24,10,Low Funding,74166.66666666667,3.1011235955056176,0.178
AI0414,Mind Systems 414,2018,Germany,Legal AI,Series A,1.49,11.24,14,11,Low Funding,106428.57142857143,7.543624161073826,0.13545454545454547
AI0739,Cognify Systems 739,2022,USA,EdTech AI,Seed,1.23,6.63,10,13,Low Funding,123000.0,5.390243902439025,0.09461538461538462
AI0462,Logic AI 462,2022,Israel,EdTech AI,Pre-Seed,0.32,1.41,3,17,Low Funding,106666.66666666667,4.40625,0.018823529411764708
AI0434,Quantum Labs 434,2025,France,Healthcare AI,Seed,0.81,7.35,23,12,Low Funding,35217.391304347824,9.074074074074073,0.0675
AI0876,Synth AI 876,2020,Israel,EdTech AI,Pre-Seed,0.26,2.06,3,14,Low Funding,86666.66666666667,7.923076923076923,0.018571428571428572
AI0781,Mind Analytics 781,2018,Germany,Agriculture AI,Series B,10.19,56.9,37,10,High Funding,275405.4054054054,5.583905789990187,1.019
AI0378,Deep Systems 378,2018,Israel,Retail AI,Series A,4.11,39.59,78,14,Low Funding,52692.307692307695,9.632603406326034,0.2935714285714286
AI0287,Nova Labs 287,2018,Australia,Generative AI,Series D,76.86,388.79,942,1,High Funding,81592.3566878981,5.058417902680198,76.86
AI0895,Vertex AI 895,2021,Israel,Legal AI,Series B,12.37,122.24,212,13,High Funding,58349.056603773584,9.88197251414713,0.9515384615384614
AI0877,Neural Labs 877,2019,UK,Generative AI,Series A,1.7,6.38,22,15,Low Funding,77272.72727272728,3.7529411764705882,0.11333333333333333
AI0234,Alpha Labs 234,2021,India,Climate AI,Seed,0.75,7.88,19,13,Low Funding,39473.68421052631,10.506666666666666,0.057692307692307696
AI0763,Future AI 763,2022,Singapore,EdTech AI,Seed,1.12,4.24,17,2,Low Funding,65882.35294117648,3.7857142857142856,0.56
AI0813,Neural AI 813,2018,Israel,EdTech AI,Seed,0.81,8.74,4,9,Low Funding,202500.0,10.790123456790123,0.09000000000000001
AI1042,Synth Tech 1042,2019,Switzerland,Cybersecurity AI,Series C,12.49,70.33,201,8,High Funding,62139.30348258706,5.630904723779023,1.56125
AI0725,Mind Labs 725,2018,Israel,Computer Vision,Series A,4.42,15.86,45,12,Low Funding,98222.22222222222,3.588235294117647,0.36833333333333335
AI0901,Quantum Robotics 901,2022,UAE,FinTech AI,Series C,32.9,168.91,211,10,High Funding,155924.17061611376,5.134042553191489,3.29
AI0846,Vertex Labs 846,2022,Brazil,Robotics,Series B,14.46,157.29,90,13,High Funding,160666.66666666666,10.87759336099585,1.1123076923076924
AI0993,Alpha Tech 993,2019,Brazil,Robotics,Series B,8.48,82.48,77,13,High Funding,110129.87012987013,9.726415094339623,0.6523076923076924
AI1012,Astra AI 1012,2022,South Korea,AI Infrastructure,Series A,2.93,28.27,17,13,Low Funding,172352.9411764706,9.648464163822524,0.2253846153846154
AI0717,Logic Analytics 717,2020,Germany,Cybersecurity AI,Series B,23.14,215.64,84,2,High Funding,275476.1904761905,9.318928262748488,11.57
AI0267,Nova Systems 267,2021,South Korea,NLP,Seed,0.75,8.04,8,10,Low Funding,93750.0,10.719999999999999,0.075
AI0200,Cognify AI 200,2020,South Korea,Robotics,Late Stage,168.76,833.61,1055,15,High Funding,159962.08530805688,4.93961839298412,11.250666666666666
AI0175,Core Robotics 175,2025,India,Legal AI,Seed,0.39,4.51,11,10,Low Funding,35454.545454545456,11.564102564102564,0.039
AI0359,Astra Labs 359,2018,Japan,Climate AI,Series A,7.94,50.91,72,2,High Funding,110277.77777777778,6.41183879093199,3.97
AI0148,Logic Analytics 148,2020,China,EdTech AI,Seed,0.31,0.95,11,13,Low Funding,28181.81818181818,3.064516129032258,0.023846153846153847
AI1093,Data Systems 1093,2025,India,Retail AI,Series A,4.76,18.48,30,16,Low Funding,158666.66666666666,3.882352941176471,0.2975
AI0947,Data Labs 947,2022,Australia,Generative AI,Pre-Seed,0.15,1.2,5,15,Low Funding,30000.0,8.0,0.01
AI0443,Orbit Labs 443,2018,UAE,Climate AI,Series D,160.74,1205.94,4570,10,High Funding,35172.86652078775,7.502426278462113,16.074
AI0708,Quantum Labs 708,2025,South Korea,Healthcare AI,Series A,11.56,92.29,102,15,High Funding,113333.33333333333,7.983564013840831,0.7706666666666667
AI0399,Quantum Intelligence 399,2025,Brazil,NLP,Seed,0.97,5.92,7,17,Low Funding,138571.42857142858,6.103092783505155,0.057058823529411766
AI0719,Vision Labs 719,2025,South Korea,Marketing AI,Series C,45.99,439.46,705,9,High Funding,65234.04255319149,9.555555555555555,5.11
AI0515,Orbit Tech 515,2019,UK,Cybersecurity AI,Pre-Seed,0.46,3.09,30,3,Low Funding,15333.333333333334,6.717391304347825,0.15333333333333335
AI1186,Astra Analytics 1186,2021,UAE,Cybersecurity AI,Series B,17.22,154.77,71,7,High Funding,242535.21126760563,8.987804878048781,2.46
AI0328,Orbit Intelligence 328,2024,Germany,Autonomous Vehicles,Series B,8.1,41.18,39,17,High Funding,207692.3076923077,5.083950617283951,0.4764705882352941
AI0874,Cognify Labs 874,2018,Australia,EdTech AI,Series B,16.72,134.68,108,8,High Funding,154814.8148148148,8.055023923444978,2.09
AI0771,Intelli Labs 771,2022,USA,FinTech AI,Series A,3.37,27.47,48,7,Low Funding,70208.33333333333,8.1513353115727,0.48142857142857143
AI0169,Quantum Analytics 169,2024,Canada,Legal AI,Pre-Seed,1.1,8.88,36,2,Low Funding,30555.555555555555,8.072727272727272,0.55
AI0210,Nova Analytics 210,2022,UAE,NLP,Pre-Seed,0.29,1.21,17,8,Low Funding,17058.823529411766,4.172413793103448,0.03625
AI1092,Cognify Robotics 1092,2024,USA,Climate AI,Pre-Seed,0.71,3.86,48,11,Low Funding,14791.666666666666,5.436619718309859,0.06454545454545454
AI0136,Mind Systems 136,2022,Germany,Cybersecurity AI,Series B,9.0,34.1,30,9,High Funding,300000.0,3.788888888888889,1.0
AI0185,Vertex Labs 185,2018,Brazil,Cybersecurity AI,Seed,2.31,12.98,15,15,Low Funding,154000.0,5.6190476190476195,0.154
AI0721,Nova Systems 721,2019,UAE,AI Infrastructure,Pre-Seed,0.15,0.52,3,17,Low Funding,50000.0,3.466666666666667,0.008823529411764706
AI0465,Nova AI 465,2021,France,Agriculture AI,Series B,16.1,149.43,98,4,High Funding,164285.71428571432,9.281366459627328,4.025
AI0693,Future Analytics 693,2022,Israel,EdTech AI,Series B,11.73,47.19,103,3,High Funding,113883.49514563107,4.023017902813299,3.91
AI0159,Orbit AI 159,2018,France,Computer Vision,Seed,0.97,10.35,11,9,Low Funding,88181.81818181818,10.670103092783505,0.10777777777777778
AI0141,Neural Tech 141,2025,India,AI Infrastructure,Seed,0.91,2.94,8,15,Low Funding,113750.0,3.2307692307692304,0.06066666666666667
AI0428,Vision Systems 428,2021,Netherlands,Agriculture AI,Series C,23.84,120.02,291,8,High Funding,81924.39862542956,5.034395973154362,2.98
AI0992,Vertex Analytics 992,2021,Netherlands,Generative AI,Seed,0.65,6.96,10,14,Low Funding,65000.0,10.707692307692307,0.04642857142857143
AI0529,Core AI 529,2019,China,Retail AI,Late Stage,101.6,1107.97,4099,13,High Funding,24786.533300805073,10.905216535433071,7.815384615384615
AI1147,Vertex Intelligence 1147,2024,Singapore,Generative AI,Late Stage,557.8,6300.96,3906,15,High Funding,142805.93958013313,11.296091789171747,37.18666666666666
AI0248,Data Tech 248,2018,Canada,Computer Vision,Series B,36.83,112.5,456,6,High Funding,80767.54385964913,3.0545750746673908,6.138333333333333
AI0382,NexGen Intelligence 382,2023,France,Legal AI,Series D,54.79,164.69,246,10,High Funding,222723.57723577236,3.0058404818397517,5.479
AI0458,Orbit Systems 458,2025,USA,Cybersecurity AI,Series B,56.91,357.62,661,11,High Funding,86096.82299546142,6.283957125285539,5.173636363636363
AI1095,Mind Labs 1095,2019,India,Climate AI,Series B,11.47,128.86,313,14,High Funding,36645.36741214058,11.234524847428073,0.8192857142857143
AI1010,Quantum Intelligence 1010,2025,Switzerland,Healthcare AI,Series D,107.94,491.69,625,5,High Funding,172704.0,4.555215860663331,21.588
AI1143,Logic Tech 1143,2025,Netherlands,AI Infrastructure,Series A,16.31,111.61,156,17,High Funding,104551.28205128203,6.843041079092582,0.9594117647058823
AI0364,Nova Intelligence 364,2019,Japan,Retail AI,Series A,13.81,154.52,81,13,High Funding,170493.82716049382,11.188993482983346,1.0623076923076924
AI0209,Vertex Tech 209,2023,USA,Agriculture AI,Series B,14.51,156.9,118,2,High Funding,122966.10169491525,10.813232253618194,7.255
AI0983,Mind Robotics 983,2021,France,Autonomous Vehicles,Series B,17.63,189.79,148,7,High Funding,119121.62162162163,10.765173000567215,2.5185714285714282
AI0807,Logic Labs 807,2025,South Korea,Marketing AI,Seed,1.03,9.24,19,7,Low Funding,54210.52631578947,8.970873786407767,0.14714285714285716
AI0164,Intelli Labs 164,2021,Israel,Retail AI,Series A,7.98,37.46,163,9,High Funding,48957.05521472393,4.694235588972431,0.8866666666666667
AI0423,Intelli Robotics 423,2023,Israel,EdTech AI,Series B,40.95,142.15,226,3,High Funding,181194.69026548672,3.4713064713064714,13.65
AI0964,Core AI 964,2024,Israel,Marketing AI,Seed,1.09,10.75,8,5,Low Funding,136250.0,9.862385321100916,0.21800000000000003
AI0157,Quantum Systems 157,2024,Singapore,Retail AI,Seed,2.32,17.82,18,2,Low Funding,128888.88888888889,7.681034482758621,1.16
AI0329,NexGen Robotics 329,2025,Netherlands,FinTech AI,Series A,8.57,77.93,55,17,High Funding,155818.18181818182,9.093348891481915,0.5041176470588236
AI1197,Logic Analytics 1197,2019,Brazil,Climate AI,Series B,12.18,134.6,285,13,High Funding,42736.84210526316,11.050903119868638,0.9369230769230769
AI0221,NexGen Intelligence 221,2020,UAE,Healthcare AI,Series B,20.3,170.3,198,14,High Funding,102525.25252525252,8.389162561576354,1.45
AI0197,Synth Systems 197,2019,Australia,Legal AI,Seed,0.54,6.04,29,15,Low Funding,18620.689655172413,11.185185185185185,0.036000000000000004
AI1001,Core Analytics 1001,2023,India,Agriculture AI,Late Stage,338.61,1163.33,2453,12,High Funding,138039.13575214022,3.4356043826230764,28.2175
AI0533,Astra Intelligence 533,2018,USA,EdTech AI,Series A,3.02,22.06,110,3,Low Funding,27454.545454545456,7.304635761589403,1.0066666666666666
AI0295,Synth Robotics 295,2019,UAE,FinTech AI,Series B,31.46,266.98,184,5,High Funding,170978.26086956522,8.486331849968215,6.292
AI0199,Neural AI 199,2022,Netherlands,Robotics,Series B,32.61,118.27,125,7,High Funding,260880.0,3.6268015946028824,4.658571428571428
AI0368,Neural Tech 368,2019,France,Robotics,Series D,67.56,485.41,567,14,High Funding,119153.43915343915,7.184872705743043,4.825714285714286
AI0942,Deep Robotics 942,2022,Brazil,Retail AI,Series B,33.64,365.61,192,14,High Funding,175208.33333333334,10.868311533888228,2.402857142857143
AI0558,Astra Systems 558,2023,Australia,Generative AI,Series A,9.77,84.08,39,12,High Funding,250512.8205128205,8.605936540429887,0.8141666666666666
AI0653,Astra Robotics 653,2024,Switzerland,FinTech AI,Series A,9.56,40.52,91,9,High Funding,105054.94505494506,4.2384937238493725,1.0622222222222222
AI0668,Neural Robotics 668,2021,UAE,FinTech AI,Pre-Seed,0.23,2.03,18,3,Low Funding,12777.777777777777,8.826086956521738,0.07666666666666667
AI0291,Mind Intelligence 291,2018,South Korea,Legal AI,Series B,4.81,52.53,21,1,Low Funding,229047.61904761905,10.920997920997921,4.81
AI0631,Vision Labs 631,2018,UAE,Legal AI,Series B,61.52,563.12,840,10,High Funding,73238.09523809524,9.153446033810143,6.152
AI0990,Quantum Tech 990,2025,UAE,Agriculture AI,Series C,38.02,170.87,483,9,High Funding,78716.35610766045,4.4942135718043135,4.224444444444445
AI0977,Future Tech 977,2025,South Korea,EdTech AI,Seed,1.74,18.66,20,7,Low Funding,87000.0,10.724137931034482,0.24857142857142858
AI0539,Intelli AI 539,2022,Brazil,Autonomous Vehicles,Seed,0.62,2.7,8,1,Low Funding,77500.0,4.35483870967742,0.62
AI0528,Synth Tech 528,2019,India,Climate AI,Pre-Seed,0.67,7.6,10,11,Low Funding,67000.0,11.343283582089551,0.06090909090909091
AI0097,Future AI 97,2019,Brazil,FinTech AI,Series A,3.79,32.05,23,15,Low Funding,164782.60869565216,8.456464379947228,0.25266666666666665
AI0466,Nova Intelligence 466,2024,UK,Legal AI,Series D,28.46,291.11,414,11,High Funding,68743.961352657,10.228742094167252,2.5872727272727274
AI0848,Mind AI 848,2019,Singapore,Marketing AI,Series C,21.82,86.29,199,1,High Funding,109648.24120603016,3.9546287809349225,21.82
AI0179,Mind Robotics 179,2018,Australia,Marketing AI,Series C,17.56,187.5,102,11,High Funding,172156.86274509804,10.677676537585421,1.5963636363636362
AI0032,Deep AI 32,2018,Israel,Robotics,Seed,0.48,5.7,8,17,Low Funding,60000.0,11.875,0.028235294117647056
AI0837,Vision Robotics 837,2020,Canada,Healthcare AI,Series A,4.15,16.66,16,9,Low Funding,259375.00000000003,4.014457831325301,0.46111111111111114
AI0885,Nova Systems 885,2025,Israel,Cybersecurity AI,Series C,67.02,271.97,654,8,High Funding,102477.06422018347,4.058042375410326,8.3775
AI0917,Future Intelligence 917,2019,India,Robotics,Series D,50.57,427.35,184,17,High Funding,274836.95652173914,8.450662448091755,2.974705882352941
AI0571,NexGen Intelligence 571,2023,Netherlands,Autonomous Vehicles,Series B,23.83,99.64,322,15,High Funding,74006.21118012423,4.181284095677717,1.5886666666666664
AI0245,Logic Tech 245,2024,UK,FinTech AI,Series B,14.3,44.73,199,1,High Funding,71859.29648241206,3.1279720279720276,14.3
AI0334,Vision Tech 334,2020,Israel,Climate AI,Series A,9.57,88.67,16,15,High Funding,598125.0,9.265412748171368,0.638
AI1198,Vertex Labs 1198,2020,India,Cybersecurity AI,Seed,0.67,2.36,4,1,Low Funding,167500.0,3.522388059701492,0.67
AI0753,Vertex Labs 753,2019,USA,Healthcare AI,Seed,0.98,4.3,4,4,Low Funding,245000.0,4.387755102040816,0.245
AI0089,Deep Labs 89,2021,South Korea,Legal AI,Series C,25.4,100.09,152,11,High Funding,167105.26315789475,3.9405511811023626,2.309090909090909
AI1002,Mind Analytics 1002,2024,France,AI Infrastructure,Series D,204.96,1449.25,1490,5,High Funding,137557.04697986576,7.070891881342701,40.992000000000004
AI0383,Future AI 383,2021,Germany,Robotics,Series B,13.68,84.28,50,17,High Funding,273600.0,6.1608187134502925,0.8047058823529412
AI0366,Data Robotics 366,2024,Singapore,FinTech AI,Pre-Seed,0.45,3.85,9,16,Low Funding,50000.0,8.555555555555555,0.028125
AI1136,Vision AI 1136,2020,South Korea,Marketing AI,Series A,1.48,12.74,5,4,Low Funding,296000.0,8.608108108108109,0.37
AI1059,NexGen Tech 1059,2023,France,EdTech AI,Series A,12.8,123.19,315,6,High Funding,40634.920634920636,9.624218749999999,2.1333333333333333
AI0599,Vertex Labs 599,2021,Israel,EdTech AI,Series B,16.83,171.19,34,13,High Funding,495000.0,10.171717171717173,1.2946153846153845
AI0579,Synth Robotics 579,2019,UAE,Robotics,Series B,26.39,182.34,153,11,High Funding,172483.66013071896,6.909435392194013,2.399090909090909
AI0824,Core Intelligence 824,2024,Australia,FinTech AI,Series A,8.81,27.15,58,14,High Funding,151896.55172413794,3.081725312145289,0.6292857142857143
AI0591,Cognify Tech 591,2018,Canada,Marketing AI,Series C,25.24,197.34,371,12,High Funding,68032.34501347708,7.818541996830429,2.103333333333333
AI0530,Quantum Robotics 530,2019,Brazil,Legal AI,Seed,0.45,2.59,13,5,Low Funding,34615.38461538462,5.7555555555555555,0.09
AI1047,Alpha Systems 1047,2020,UK,Marketing AI,Pre-Seed,0.2,1.28,6,13,Low Funding,33333.333333333336,6.3999999999999995,0.015384615384615385
AI0550,Astra Labs 550,2024,China,AI Infrastructure,Seed,2.52,20.05,27,14,Low Funding,93333.33333333333,7.9563492063492065,0.18
AI0674,Vision Labs 674,2023,Canada,Robotics,Series C,31.82,326.01,374,5,High Funding,85080.21390374332,10.24544311753614,6.364
AI0921,Intelli Analytics 921,2022,South Korea,Computer Vision,Series A,2.37,16.26,14,4,Low Funding,169285.7142857143,6.860759493670886,0.5925
AI0536,Core AI 536,2023,South Korea,EdTech AI,Seed,2.55,21.45,8,9,Low Funding,318750.0,8.411764705882353,0.2833333333333333
AI0011,Cognify Robotics 11,2020,Switzerland,Generative AI,Seed,1.13,9.03,11,8,Low Funding,102727.27272727272,7.991150442477876,0.14125
AI1089,Cognify Tech 1089,2025,South Korea,Computer Vision,Series A,6.84,45.93,24,15,High Funding,285000.0,6.714912280701754,0.456
AI0940,Synth Robotics 940,2019,Singapore,NLP,Series A,2.35,25.97,78,10,Low Funding,30128.20512820513,11.051063829787234,0.23500000000000001
AI0244,Neural Robotics 244,2018,Australia,EdTech AI,Series B,24.28,145.72,267,3,High Funding,90936.32958801498,6.00164744645799,8.093333333333334
AI0060,Logic AI 60,2022,Switzerland,EdTech AI,Series A,13.96,71.88,79,3,High Funding,176708.86075949366,5.148997134670487,4.653333333333333
AI1076,Vision Intelligence 1076,2022,Israel,Autonomous Vehicles,Series A,13.74,105.85,118,3,High Funding,116440.67796610169,7.703784570596797,4.58
AI0064,Orbit Labs 64,2018,UK,Retail AI,Series A,5.42,47.02,60,17,Low Funding,90333.33333333333,8.675276752767529,0.31882352941176473
AI1188,Neural Robotics 1188,2018,Australia,Generative AI,Series A,5.37,37.19,26,8,Low Funding,206538.46153846153,6.925512104283054,0.67125
AI0278,Synth AI 278,2023,Brazil,Generative AI,Late Stage,34.58,308.91,408,9,High Funding,84754.90196078431,8.933198380566802,3.842222222222222
AI0724,Nova Labs 724,2018,Brazil,Climate AI,Pre-Seed,0.17,1.36,10,10,Low Funding,17000.0,8.0,0.017
AI0603,Future Analytics 603,2021,South Korea,Legal AI,Series B,10.95,120.46,159,2,High Funding,68867.92452830188,11.000913242009133,5.475
AI0680,Vision Robotics 680,2019,Singapore,Generative AI,Series A,7.76,41.5,88,13,High Funding,88181.81818181818,5.3479381443298974,0.5969230769230769
AI1170,Orbit Analytics 1170,2020,Brazil,Generative AI,Seed,1.36,14.59,16,14,Low Funding,85000.0,10.727941176470587,0.09714285714285716
AI0307,Vertex Robotics 307,2021,Japan,Computer Vision,Series A,4.26,38.77,22,2,Low Funding,193636.36363636365,9.100938967136152,2.13
AI0290,Orbit Systems 290,2025,Australia,NLP,Series D,37.58,199.08,345,16,High Funding,108927.53623188406,5.297498669505057,2.34875
AI0815,Alpha Intelligence 815,2021,UAE,Climate AI,Pre-Seed,0.29,1.29,10,9,Low Funding,29000.0,4.448275862068966,0.03222222222222222
AI0598,Core Intelligence 598,2024,Singapore,Robotics,Seed,6.91,34.85,53,14,High Funding,130377.35849056604,5.043415340086831,0.4935714285714286
AI0600,Synth Systems 600,2023,France,Generative AI,Seed,0.44,1.36,10,7,Low Funding,44000.0,3.0909090909090913,0.06285714285714286
AI0271,Astra Labs 271,2023,Netherlands,Agriculture AI,Series B,12.89,149.77,100,9,High Funding,128900.0,11.619084561675718,1.4322222222222223
AI1004,Deep Intelligence 1004,2018,Canada,Autonomous Vehicles,Series A,4.58,27.12,94,14,Low Funding,48723.40425531915,5.921397379912664,0.3271428571428571
AI0552,Cognify Analytics 552,2021,India,Robotics,Seed,1.27,7.51,20,8,Low Funding,63500.0,5.913385826771654,0.15875
AI0309,NexGen AI 309,2025,Australia,Computer Vision,Series A,8.69,69.49,71,9,High Funding,122394.3661971831,7.996547756041426,0.9655555555555555
AI0293,Quantum Tech 293,2018,Israel,Healthcare AI,Series A,3.59,28.42,44,9,Low Funding,81590.90909090909,7.9164345403899725,0.39888888888888885
AI0527,Astra Tech 527,2020,Netherlands,Healthcare AI,Pre-Seed,0.23,2.18,4,16,Low Funding,57500.0,9.478260869565217,0.014375
AI0324,Quantum Labs 324,2019,Japan,Agriculture AI,Late Stage,70.31,224.81,177,4,High Funding,397231.6384180791,3.1974114635187028,17.5775
AI0084,Cognify AI 84,2025,UAE,Agriculture AI,Series B,36.13,249.27,94,13,High Funding,384361.7021276596,6.89925269858843,2.7792307692307694
AI0130,Nova Systems 130,2021,Israel,FinTech AI,Seed,0.66,2.38,4,17,Low Funding,165000.0,3.6060606060606055,0.03882352941176471
AI1111,Astra Robotics 1111,2018,South Korea,Autonomous Vehicles,Series B,45.46,489.47,205,8,High Funding,221756.0975609756,10.767047954245491,5.6825
AI0487,Vertex Labs 487,2020,UK,FinTech AI,Series B,43.14,369.59,257,16,High Funding,167859.92217898832,8.567222994900323,2.69625
AI1102,Orbit Intelligence 1102,2019,South Korea,Healthcare AI,Series A,4.68,53.79,45,4,Low Funding,104000.0,11.493589743589745,1.17
AI0943,Neural Labs 943,2025,UAE,Computer Vision,Series C,30.82,219.17,254,15,High Funding,121338.58267716535,7.111291369240752,2.054666666666667
AI0261,NexGen Systems 261,2018,Israel,NLP,Seed,0.2,1.86,23,9,Low Funding,8695.652173913044,9.3,0.022222222222222223
AI0768,Nova Robotics 768,2025,France,Robotics,Pre-Seed,0.48,4.07,22,13,Low Funding,21818.18181818182,8.479166666666668,0.03692307692307692
AI0951,Data Labs 951,2020,South Korea,EdTech AI,Series A,1.76,13.09,18,2,Low Funding,97777.77777777778,7.4375,0.88
AI0907,Intelli Analytics 907,2019,India,Legal AI,Late Stage,209.74,656.66,6466,16,High Funding,32437.3646767708,3.130828644989034,13.10875
AI1099,Vertex Intelligence 1099,2023,Brazil,Marketing AI,Series A,3.69,20.72,66,17,Low Funding,55909.09090909091,5.615176151761517,0.21705882352941175
AI0139,Cognify Tech 139,2024,Germany,NLP,Series C,35.63,413.91,200,10,High Funding,178150.0,11.61689587426326,3.563
AI0954,Deep AI 954,2021,Israel,Robotics,Seed,0.82,8.65,7,4,Low Funding,117142.85714285714,10.54878048780488,0.205
AI0142,Quantum Analytics 142,2018,South Korea,Agriculture AI,Late Stage,29.75,224.76,156,6,High Funding,190705.12820512822,7.554957983193277,4.958333333333333
AI0666,Synth Tech 666,2022,India,FinTech AI,Series D,32.72,372.04,238,9,High Funding,137478.99159663866,11.370415647921762,3.6355555555555554
AI0845,Alpha Robotics 845,2022,UAE,Computer Vision,Pre-Seed,0.22,1.65,4,15,Low Funding,55000.0,7.5,0.014666666666666666
AI0395,Orbit Tech 395,2020,USA,Agriculture AI,Pre-Seed,0.24,2.88,11,16,Low Funding,21818.18181818182,12.0,0.015
AI0140,Astra AI 140,2018,India,Climate AI,Seed,0.41,4.56,12,14,Low Funding,34166.666666666664,11.121951219512194,0.029285714285714283
AI0742,Vision Tech 742,2023,India,FinTech AI,Series A,8.75,35.08,66,16,High Funding,132575.75757575757,4.009142857142857,0.546875
AI0866,Nova Tech 866,2018,France,FinTech AI,Series D,60.04,423.63,532,1,High Funding,112857.14285714286,7.055796135909394,60.04
AI0225,Data Labs 225,2019,Canada,Robotics,Pre-Seed,0.5,4.13,10,12,Low Funding,50000.0,8.26,0.041666666666666664
AI0614,Nova AI 614,2019,India,Computer Vision,Series A,3.51,21.08,8,11,Low Funding,438750.0,6.005698005698005,0.3190909090909091
AI0275,NexGen Robotics 275,2018,Australia,Healthcare AI,Seed,0.39,4.58,9,2,Low Funding,43333.333333333336,11.743589743589743,0.195
AI0356,Data Analytics 356,2024,Japan,Marketing AI,Series C,24.4,78.13,166,11,High Funding,146987.9518072289,3.202049180327869,2.2181818181818183
AI0888,Data Analytics 888,2023,Brazil,Marketing AI,Series D,37.17,261.55,204,16,High Funding,182205.88235294117,7.036588646758139,2.323125
AI0594,Nova Analytics 594,2021,Australia,FinTech AI,Series A,6.89,36.74,8,12,High Funding,861250.0,5.332365747460088,0.5741666666666666
AI0677,Alpha Analytics 677,2021,Germany,Climate AI,Series A,5.73,43.17,33,6,High Funding,173636.36363636365,7.534031413612565,0.9550000000000001
AI0590,Nova Systems 590,2022,China,Generative AI,Series B,13.93,47.69,116,8,High Funding,120086.20689655172,3.4235463029432878,1.74125
AI0890,Neural AI 890,2018,India,AI Infrastructure,Series B,10.9,121.15,163,7,High Funding,66871.16564417178,11.11467889908257,1.5571428571428572
AI0744,Core Systems 744,2022,France,Autonomous Vehicles,Series D,34.57,266.87,231,7,High Funding,149653.67965367966,7.71969916112236,4.938571428571429
AI1041,Mind Intelligence 1041,2022,India,Cybersecurity AI,Seed,0.42,2.74,21,1,Low Funding,20000.0,6.523809523809525,0.42
AI0507,Data Labs 507,2025,Canada,Marketing AI,Seed,1.34,5.03,9,7,Low Funding,148888.88888888888,3.753731343283582,0.19142857142857145
AI0597,Astra Intelligence 597,2022,Germany,Legal AI,Series B,19.69,228.46,127,7,High Funding,155039.37007874015,11.60284408329101,2.812857142857143
AI0310,Core Tech 310,2023,South Korea,Generative AI,Pre-Seed,0.52,5.04,49,2,Low Funding,10612.244897959185,9.692307692307692,0.26
AI0667,Intelli Analytics 667,2023,Japan,NLP,Pre-Seed,0.87,9.87,9,2,Low Funding,96666.66666666667,11.344827586206895,0.435
AI1075,Nova Intelligence 1075,2018,Netherlands,EdTech AI,Seed,0.95,4.81,9,10,Low Funding,105555.55555555556,5.063157894736842,0.095
AI1173,NexGen Robotics 1173,2020,Australia,Robotics,Series B,8.4,64.25,39,6,High Funding,215384.61538461538,7.648809523809524,1.4000000000000001
AI0937,NexGen Robotics 937,2023,France,Healthcare AI,Seed,0.84,4.61,7,16,Low Funding,120000.0,5.488095238095239,0.0525
AI0868,Neural Robotics 868,2023,Japan,Computer Vision,Series D,38.26,203.33,223,17,High Funding,171569.5067264574,5.314427600627288,2.2505882352941176
AI0412,Neural Labs 412,2025,Singapore,FinTech AI,Seed,2.44,28.49,17,3,Low Funding,143529.41176470587,11.676229508196721,0.8133333333333334
AI0040,Logic Analytics 40,2020,Japan,Robotics,Seed,1.88,10.18,4,5,Low Funding,470000.0,5.414893617021277,0.376
AI0031,Cognify Analytics 31,2022,USA,Computer Vision,Series A,16.63,51.85,276,17,High Funding,60253.62318840579,3.117859290438966,0.978235294117647
AI0243,Vertex Analytics 243,2021,Switzerland,Marketing AI,Seed,5.525,20.21,23,11,High Funding,240217.39130434784,3.657918552036199,0.5022727272727273
AI0463,Neural Robotics 463,2023,Germany,Legal AI,Series A,2.1,18.8,6,6,Low Funding,350000.0,8.952380952380953,0.35000000000000003
AI0137,Nova Tech 137,2018,Germany,FinTech AI,Seed,1.07,8.75,7,5,Low Funding,152857.14285714287,8.177570093457943,0.21400000000000002
AI1009,Data Intelligence 1009,2021,Australia,Autonomous Vehicles,Series A,2.59,30.01,13,9,Low Funding,199230.76923076922,11.586872586872587,0.28777777777777774
AI0959,Astra AI 959,2019,USA,Marketing AI,Series A,1.53,5.3,5,3,Low Funding,306000.0,3.464052287581699,0.51
AI0004,Orbit Labs 4,2024,Australia,Climate AI,Pre-Seed,0.7,7.79,5,14,Low Funding,140000.0,11.12857142857143,0.049999999999999996
AI0714,NexGen Intelligence 714,2021,Netherlands,Healthcare AI,Series A,15.58,82.57,244,1,High Funding,63852.45901639344,5.299743260590501,15.58
AI1110,Vision Labs 1110,2020,Australia,EdTech AI,Series A,3.3,15.67,57,15,Low Funding,57894.73684210526,4.748484848484849,0.22
AI1053,Core Analytics 1053,2020,South Korea,FinTech AI,Series A,4.29,44.84,25,6,Low Funding,171600.0,10.452214452214452,0.715
AI0416,Cognify Labs 416,2018,France,Healthcare AI,Series C,13.12,144.88,26,5,High Funding,504615.3846153846,11.042682926829269,2.6239999999999997
AI0847,Nova AI 847,2019,USA,Marketing AI,Series A,1.78,13.41,19,17,Low Funding,93684.21052631579,7.533707865168539,0.10470588235294118
AI0766,Vision Systems 766,2020,Japan,Healthcare AI,Seed,0.47,2.67,7,2,Low Funding,67142.85714285714,5.680851063829787,0.235
AI0944,Nova Robotics 944,2022,UAE,Autonomous Vehicles,Seed,3.29,22.86,22,12,Low Funding,149545.45454545456,6.948328267477203,0.27416666666666667
AI0315,Nova AI 315,2020,Germany,Climate AI,Late Stage,151.44,754.85,1265,9,High Funding,119715.41501976285,4.984482303222398,16.826666666666668
AI0498,Astra Analytics 498,2021,Germany,Climate AI,Late Stage,63.74,695.89,981,16,High Funding,64974.51580020387,10.91763413868842,3.98375
AI0320,Data Labs 320,2023,Brazil,Legal AI,Seed,1.13,8.43,17,13,Low Funding,66470.58823529411,7.460176991150443,0.08692307692307691
AI1189,Deep Intelligence 1189,2020,UK,Robotics,Seed,0.57,6.14,47,9,Low Funding,12127.659574468085,10.771929824561404,0.06333333333333332
AI0377,NexGen Intelligence 377,2021,South Korea,Agriculture AI,Series B,8.91,90.85,88,16,High Funding,101250.0,10.196408529741863,0.556875
AI0006,Intelli Intelligence 6,2025,USA,AI Infrastructure,Seed,0.82,9.0,7,4,Low Funding,117142.85714285714,10.975609756097562,0.205
AI0101,Orbit Intelligence 101,2024,Germany,AI Infrastructure,Series A,5.33,62.53,20,2,Low Funding,266500.0,11.731707317073171,2.665
AI1046,Vision Robotics 1046,2020,South Korea,Cybersecurity AI,Pre-Seed,0.15,1.22,30,3,Low Funding,5000.0,8.133333333333333,0.049999999999999996
AI0788,Intelli Robotics 788,2025,India,Cybersecurity AI,Seed,1.38,5.67,6,1,Low Funding,230000.0,4.108695652173913,1.38
AI0630,Cognify Labs 630,2024,Switzerland,EdTech AI,Series A,8.26,39.1,23,8,High Funding,359130.4347826087,4.733656174334141,1.0325
AI0835,Intelli AI 835,2018,Canada,Marketing AI,Series A,4.1,34.64,6,3,Low Funding,683333.3333333333,8.448780487804878,1.3666666666666665
AI0035,Quantum AI 35,2023,Netherlands,Computer Vision,Pre-Seed,0.24,2.62,18,2,Low Funding,13333.333333333334,10.916666666666668,0.12
AI0585,Logic Tech 585,2023,Brazil,EdTech AI,Series A,8.69,80.58,65,17,High Funding,133692.3076923077,9.272727272727273,0.5111764705882352
AI0333,Astra AI 333,2021,South Korea,EdTech AI,Seed,0.72,3.89,6,15,Low Funding,120000.0,5.402777777777779,0.048
AI0228,Intelli Systems 228,2023,South Korea,Healthcare AI,Pre-Seed,0.93,7.75,7,17,Low Funding,132857.14285714287,8.333333333333332,0.05470588235294118
AI0430,Intelli Intelligence 430,2021,Germany,Climate AI,Series A,1.42,9.33,7,14,Low Funding,202857.14285714287,6.570422535211268,0.10142857142857142
AI0544,Core Labs 544,2019,Canada,Autonomous Vehicles,Series A,4.39,43.28,61,17,Low Funding,71967.2131147541,9.858769931662872,0.25823529411764706
AI0661,Vertex Tech 661,2025,UAE,Generative AI,Late Stage,76.46,471.42,465,10,High Funding,164430.1075268817,6.165576772168455,7.645999999999999
AI0406,Logic AI 406,2021,Israel,EdTech AI,Series A,10.11,104.97,59,6,High Funding,171355.93220338982,10.382789317507418,1.6849999999999998
AI0067,Data AI 67,2021,Canada,Computer Vision,Seed,0.68,7.2,9,10,Low Funding,75555.55555555556,10.588235294117647,0.068
AI0068,NexGen Intelligence 68,2018,Israel,Computer Vision,Series A,3.57,22.66,16,8,Low Funding,223125.0,6.34733893557423,0.44625
AI0343,Quantum Tech 343,2020,Germany,Agriculture AI,Pre-Seed,0.35,2.25,8,2,Low Funding,43750.0,6.428571428571429,0.175
AI0212,Alpha Tech 212,2024,South Korea,Cybersecurity AI,Late Stage,423.69,3201.55,5042,6,High Funding,84032.13010710035,7.55635016167481,70.615
AI0013,Logic AI 13,2020,Switzerland,EdTech AI,Seed,0.38,2.8,11,11,Low Funding,34545.454545454544,7.368421052631579,0.034545454545454546
AI0694,Data Intelligence 694,2021,UAE,Retail AI,Series D,187.84,758.21,2347,15,High Funding,80034.08606731998,4.036467206132879,12.522666666666668
AI0669,Future Intelligence 669,2022,Germany,AI Infrastructure,Late Stage,162.69,495.2,1284,12,High Funding,126705.60747663552,3.0438256807425166,13.5575
AI0300,Astra Tech 300,2025,Netherlands,AI Infrastructure,Seed,2.05,9.05,7,17,Low Funding,292857.14285714284,4.414634146341464,0.12058823529411763
AI0621,Deep Analytics 621,2021,Singapore,Robotics,Series B,28.65,142.66,85,7,High Funding,337058.82352941175,4.979406631762653,4.0928571428571425
AI0782,Vertex Analytics 782,2020,UK,Marketing AI,Series A,3.47,27.63,13,15,Low Funding,266923.07692307694,7.962536023054755,0.23133333333333334
AI1094,Neural Labs 1094,2024,Japan,Computer Vision,Seed,0.51,2.11,21,12,Low Funding,24285.714285714286,4.137254901960784,0.0425
AI0452,Deep Intelligence 452,2023,Singapore,Cybersecurity AI,Series A,6.36,37.43,96,15,High Funding,66250.0,5.885220125786163,0.42400000000000004
AI0863,Nova Analytics 863,2019,France,FinTech AI,Series B,9.16,43.39,119,10,High Funding,76974.78991596638,4.736899563318778,0.916
AI1157,Cognify Systems 1157,2019,South Korea,Robotics,Seed,0.59,6.18,17,16,Low Funding,34705.882352941175,10.474576271186441,0.036875
AI0821,Neural Intelligence 821,2024,Singapore,Generative AI,Series A,4.37,32.94,39,1,Low Funding,112051.28205128205,7.537757437070938,4.37
AI0595,Alpha Labs 595,2021,Singapore,Autonomous Vehicles,Late Stage,108.17,880.25,1144,9,High Funding,94554.1958041958,8.137653693260608,12.018888888888888
AI0480,Orbit AI 480,2021,UK,AI Infrastructure,Seed,0.34,2.15,10,11,Low Funding,34000.0,6.323529411764705,0.03090909090909091
AI1139,Future Labs 1139,2021,South Korea,Cybersecurity AI,Seed,0.32,3.28,4,10,Low Funding,80000.0,10.25,0.032
AI0651,Cognify Analytics 651,2024,China,Robotics,Series B,52.04,219.7,420,13,High Funding,123904.76190476191,4.221752498078401,4.003076923076923
AI0941,Neural Systems 941,2021,Netherlands,EdTech AI,Series A,2.96,9.16,37,8,Low Funding,80000.0,3.0945945945945947,0.37
AI0274,Vision Systems 274,2025,UAE,Marketing AI,Series B,11.95,134.57,42,15,High Funding,284523.8095238095,11.261087866108786,0.7966666666666666
AI0969,Vertex Analytics 969,2023,UAE,FinTech AI,Series A,9.99,94.32,116,4,High Funding,86120.68965517242,9.441441441441441,2.4975
AI0238,Data Robotics 238,2023,UAE,Climate AI,Series D,115.45,476.04,716,17,High Funding,161243.01675977654,4.123343438718059,6.791176470588235
AI0440,Intelli AI 440,2020,Singapore,Climate AI,Series B,14.43,153.61,60,11,High Funding,240500.0,10.645183645183646,1.3118181818181818
AI0003,Core Labs 3,2022,USA,Robotics,Pre-Seed,0.34,2.64,10,14,Low Funding,34000.0,7.764705882352941,0.02428571428571429
AI0007,Intelli Tech 7,2022,Netherlands,AI Infrastructure,Series A,13.81,110.74,158,8,High Funding,87405.06329113925,8.018826937002173,1.72625
AI0312,Neural Intelligence 312,2024,Switzerland,Healthcare AI,Series B,11.25,90.78,231,9,High Funding,48701.2987012987,8.069333333333333,1.25
AI1048,Orbit AI 1048,2018,Australia,Climate AI,Late Stage,102.12,633.74,1417,6,High Funding,72067.74876499648,6.205836271053662,17.02
AI0586,Synth Intelligence 586,2024,Singapore,Autonomous Vehicles,Series B,16.51,73.09,173,15,High Funding,95433.52601156071,4.427013930950938,1.1006666666666667
AI0534,Logic Tech 534,2018,Netherlands,NLP,Seed,0.96,9.85,17,7,Low Funding,56470.58823529412,10.260416666666666,0.13714285714285715
AI0632,Mind Systems 632,2021,Netherlands,Robotics,Seed,1.08,11.45,6,16,Low Funding,180000.0,10.601851851851851,0.0675
AI0216,Intelli Tech 216,2022,Switzerland,Cybersecurity AI,Seed,0.69,7.11,17,7,Low Funding,40588.23529411765,10.304347826086957,0.09857142857142856
AI0454,Vertex Tech 454,2023,South Korea,Agriculture AI,Series A,11.21,76.62,59,6,High Funding,190000.0,6.834968777876895,1.8683333333333334
AI0028,Vision AI 28,2019,Japan,EdTech AI,Series A,20.83,137.3,234,9,High Funding,89017.09401709402,6.5914546327412395,2.3144444444444443
AI1177,Alpha Labs 1177,2024,Israel,Climate AI,Seed,1.76,11.87,21,14,Low Funding,83809.52380952382,6.744318181818182,0.12571428571428572
AI0804,Orbit Analytics 804,2018,UAE,Robotics,Series A,2.83,14.32,29,15,Low Funding,97586.20689655172,5.060070671378091,0.18866666666666668
AI0391,Cognify Robotics 391,2020,India,Healthcare AI,Pre-Seed,0.26,2.55,23,3,Low Funding,11304.347826086956,9.807692307692307,0.08666666666666667
AI0491,Vision Analytics 491,2025,USA,EdTech AI,Seed,0.96,8.02,3,9,Low Funding,320000.0,8.354166666666666,0.10666666666666666
AI1040,Nova Systems 1040,2020,France,Robotics,Series B,9.15,46.95,20,6,High Funding,457500.0,5.131147540983607,1.5250000000000001
AI0760,Vertex Robotics 760,2024,India,Generative AI,Series A,12.63,85.91,312,8,High Funding,40480.769230769234,6.802058590657165,1.57875
AI0555,Vision Analytics 555,2018,Japan,AI Infrastructure,Series B,13.09,75.37,122,14,High Funding,107295.08196721312,5.757830404889229,0.9349999999999999
AI0355,Cognify Labs 355,2025,Singapore,Healthcare AI,Seed,0.85,3.29,10,12,Low Funding,85000.0,3.8705882352941177,0.07083333333333333
AI1069,Core Robotics 1069,2022,South Korea,Climate AI,Seed,0.75,8.88,5,2,Low Funding,150000.0,11.840000000000002,0.375
AI0831,Astra Intelligence 831,2022,Canada,Legal AI,Series A,1.43,11.74,8,2,Low Funding,178750.0,8.20979020979021,0.715
AI0257,Core Robotics 257,2024,South Korea,Computer Vision,Series B,32.72,346.75,281,10,High Funding,116441.28113879003,10.597493887530563,3.272
AI0292,Neural Intelligence 292,2020,Japan,Computer Vision,Series C,62.52,621.44,249,10,High Funding,251084.3373493976,9.939859245041587,6.252000000000001
AI0026,Alpha Robotics 26,2023,Israel,Healthcare AI,Seed,2.05,8.04,45,16,Low Funding,45555.55555555555,3.921951219512195,0.128125
AI0337,Vertex Labs 337,2022,Canada,Generative AI,Seed,0.17,0.55,11,17,Low Funding,15454.545454545454,3.235294117647059,0.01
AI1078,Deep Intelligence 1078,2018,Brazil,FinTech AI,Seed,3.87,45.99,21,8,Low Funding,184285.7142857143,11.883720930232558,0.48375
AI0048,Neural Robotics 48,2024,China,Healthcare AI,Series B,21.54,106.31,193,4,High Funding,111606.21761658031,4.935468895078923,5.385
AI0319,Nova AI 319,2024,France,Legal AI,Pre-Seed,0.35,2.35,15,1,Low Funding,23333.333333333332,6.714285714285715,0.35
AI0107,Nova AI 107,2023,Switzerland,FinTech AI,Series B,14.81,135.89,24,2,High Funding,617083.3333333334,9.175557056043212,7.405
AI0827,Intelli Analytics 827,2020,China,Agriculture AI,Series D,59.55,649.98,241,1,High Funding,247095.4356846473,10.91486146095718,59.55
AI0056,Future Tech 56,2021,China,EdTech AI,Pre-Seed,0.15,0.61,13,2,Low Funding,11538.461538461539,4.066666666666666,0.075
AI0542,Core Labs 542,2019,Brazil,EdTech AI,Seed,0.35,3.81,13,4,Low Funding,26923.076923076922,10.885714285714286,0.0875
AI0214,Nova AI 214,2024,Netherlands,Climate AI,Series A,9.06,50.04,32,17,High Funding,283125.0,5.523178807947019,0.5329411764705883
AI0121,Neural Labs 121,2025,Switzerland,Robotics,Series B,13.68,56.05,39,11,High Funding,350769.23076923075,4.097222222222222,1.2436363636363637
AI0584,Vision Tech 584,2019,UK,Retail AI,Series C,6.83,53.44,39,13,High Funding,175128.20512820513,7.824304538799414,0.5253846153846153
AI0439,Core Robotics 439,2024,USA,Healthcare AI,Series B,6.62,36.29,173,10,High Funding,38265.89595375722,5.481873111782477,0.662
AI0562,Synth Labs 562,2020,Switzerland,NLP,Pre-Seed,0.7,5.14,12,10,Low Funding,58333.333333333336,7.3428571428571425,0.06999999999999999
AI0073,Deep Labs 73,2018,Switzerland,Climate AI,Seed,0.42,2.68,11,13,Low Funding,38181.818181818184,6.380952380952381,0.03230769230769231
AI0715,Logic Robotics 715,2025,UAE,Agriculture AI,Series C,127.65,1202.73,1294,1,High Funding,98647.60432766615,9.422091656874265,127.65
AI0772,Deep Systems 772,2022,Israel,Retail AI,Series A,6.36,34.35,67,4,High Funding,94925.37313432836,5.400943396226415,1.59
AI0523,Orbit AI 523,2023,UK,Robotics,Pre-Seed,0.21,0.66,23,12,Low Funding,9130.434782608696,3.1428571428571432,0.017499999999999998
AI1084,Intelli Intelligence 1084,2021,Israel,Autonomous Vehicles,Series B,25.37,221.79,178,14,High Funding,142528.08988764044,8.742215214820654,1.8121428571428573
AI0925,Mind Robotics 925,2018,Israel,Generative AI,Seed,0.92,6.73,7,7,Low Funding,131428.57142857142,7.315217391304348,0.13142857142857142
AI0960,Nova Systems 960,2024,UK,Agriculture AI,Seed,2.18,24.37,7,1,Low Funding,311428.5714285714,11.178899082568806,2.18
AI0573,Nova Systems 573,2018,South Korea,Retail AI,Series B,11.3,81.52,77,13,High Funding,146753.24675324676,7.214159292035397,0.8692307692307693
AI0583,NexGen Systems 583,2021,China,NLP,Pre-Seed,0.6,2.01,22,15,Low Funding,27272.727272727272,3.3499999999999996,0.04
AI0459,Deep Analytics 459,2020,Israel,Robotics,Series B,7.62,87.4,129,5,High Funding,59069.767441860466,11.469816272965879,1.524
AI1137,Vision AI 1137,2024,South Korea,Retail AI,Series A,6.16,37.19,35,15,High Funding,176000.0,6.037337662337662,0.4106666666666667
AI0326,Future AI 326,2023,India,Generative AI,Seed,1.92,21.01,7,13,Low Funding,274285.71428571426,10.942708333333334,0.14769230769230768
AI1003,Cognify Intelligence 1003,2018,Australia,EdTech AI,Pre-Seed,0.62,5.66,8,8,Low Funding,77500.0,9.129032258064516,0.0775
AI0980,Vision Tech 980,2023,UK,Generative AI,Series B,9.35,38.55,89,16,High Funding,105056.17977528089,4.122994652406417,0.584375
AI0317,Logic Systems 317,2020,Japan,Climate AI,Series B,12.12,103.29,91,9,High Funding,133186.81318681317,8.522277227722773,1.3466666666666667
AI1067,Quantum Systems 1067,2022,Australia,FinTech AI,Series D,172.94,1091.7,1414,16,High Funding,122305.5162659123,6.31259396322424,10.80875
AI0858,Mind Tech 858,2020,Australia,Healthcare AI,Series B,13.84,56.57,64,7,High Funding,216250.0,4.08742774566474,1.977142857142857
AI0702,Orbit Systems 702,2025,USA,Legal AI,Pre-Seed,0.25,1.35,8,5,Low Funding,31250.0,5.4,0.05
AI0709,Intelli Labs 709,2025,Canada,Robotics,Series B,36.13,399.03,366,7,High Funding,98715.84699453552,11.044284528092996,5.161428571428572
AI1043,Core AI 1043,2024,Netherlands,Robotics,Series C,65.35,207.24,418,5,High Funding,156339.71291866028,3.1712318286151495,13.069999999999999
AI0537,Logic Robotics 537,2025,South Korea,Retail AI,Seed,3.38,15.6,24,4,Low Funding,140833.33333333334,4.615384615384616,0.845
AI0567,Vision AI 567,2019,Australia,Robotics,Series B,5.68,55.76,7,16,High Funding,811428.5714285715,9.816901408450704,0.355
AI0061,Alpha Robotics 61,2020,Switzerland,Computer Vision,Series C,43.2,237.41,986,14,High Funding,43813.38742393509,5.495601851851851,3.085714285714286
AI0747,Logic AI 747,2020,UK,Retail AI,Seed,1.21,5.65,6,13,Low Funding,201666.66666666666,4.669421487603306,0.09307692307692307
AI0093,Future Robotics 93,2019,China,Agriculture AI,Series B,55.95,333.53,339,14,High Funding,165044.24778761063,5.961215370866845,3.9964285714285714
AI0889,Synth AI 889,2021,Brazil,Generative AI,Late Stage,174.16,667.13,723,3,High Funding,240885.20055325035,3.830558107487368,58.053333333333335
AI0426,Cognify AI 426,2022,Japan,Agriculture AI,Seed,1.06,7.01,7,7,Low Funding,151428.57142857142,6.613207547169811,0.15142857142857144
AI0352,Logic Systems 352,2018,China,NLP,Seed,0.95,5.98,7,8,Low Funding,135714.2857142857,6.294736842105264,0.11875
AI0967,Logic Analytics 967,2022,Israel,NLP,Seed,0.91,4.81,5,5,Low Funding,182000.0,5.285714285714285,0.182
AI0281,Mind Labs 281,2021,China,Healthcare AI,Seed,6.52,37.73,73,1,High Funding,89315.06849315068,5.78680981595092,6.52
AI0678,NexGen AI 678,2025,USA,FinTech AI,Series A,5.35,45.29,57,3,Low Funding,93859.64912280702,8.465420560747663,1.7833333333333332
AI0431,Alpha Labs 431,2018,Brazil,Autonomous Vehicles,Seed,0.85,8.2,17,4,Low Funding,50000.0,9.647058823529411,0.2125
AI0360,Vertex Intelligence 360,2020,France,Retail AI,Late Stage,144.16,1202.07,2050,11,High Funding,70321.9512195122,8.338443396226415,13.105454545454545
AI0761,Mind Robotics 761,2021,India,Climate AI,Series A,11.8,53.62,105,12,High Funding,112380.95238095238,4.544067796610169,0.9833333333333334
AI0568,Nova Systems 568,2025,UK,Computer Vision,Pre-Seed,0.71,6.07,9,13,Low Funding,78888.88888888889,8.549295774647888,0.054615384615384614
AI0862,Vertex Tech 862,2018,Japan,Robotics,Series B,4.66,32.68,125,12,Low Funding,37280.0,7.012875536480687,0.38833333333333336
AI0546,Core AI 546,2025,India,EdTech AI,Series B,57.84,359.38,375,16,High Funding,154240.0,6.213347164591977,3.615
AI0514,Synth Robotics 514,2023,Netherlands,AI Infrastructure,Series A,13.04,98.42,94,6,High Funding,138723.40425531915,7.547546012269939,2.1733333333333333
AI0775,Core Labs 775,2019,Switzerland,Cybersecurity AI,Pre-Seed,0.5,3.63,11,11,Low Funding,45454.545454545456,7.26,0.045454545454545456
AI0183,Nova Labs 183,2023,Germany,Autonomous Vehicles,Series A,8.01,63.35,43,2,High Funding,186279.06976744186,7.908863920099876,4.005
AI0997,Logic Tech 997,2018,China,Cybersecurity AI,Seed,0.6,2.72,3,8,Low Funding,200000.0,4.533333333333334,0.075
AI0111,Logic AI 111,2025,Japan,Agriculture AI,Late Stage,332.35,1642.17,5751,16,High Funding,57789.949573987134,4.941086204302692,20.771875
AI0371,Vision Analytics 371,2021,Singapore,EdTech AI,Seed,0.61,5.5,4,4,Low Funding,152500.0,9.01639344262295,0.1525
AI0240,Quantum Robotics 240,2025,USA,Retail AI,Series A,26.13,294.44,98,17,High Funding,266632.6530612245,11.268274014542671,1.5370588235294118
AI0733,Logic AI 733,2018,Australia,NLP,Series D,90.56,921.53,1270,6,High Funding,71307.08661417323,10.175905477031801,15.093333333333334
AI1164,Quantum Analytics 1164,2023,Singapore,Retail AI,Series A,5.4,29.03,43,6,Low Funding,125581.3953488372,5.375925925925926,0.9
AI0615,Deep Analytics 615,2023,Australia,Computer Vision,Series B,13.24,67.46,107,7,High Funding,123738.31775700934,5.095166163141993,1.8914285714285715
AI0205,Orbit Intelligence 205,2021,Japan,AI Infrastructure,Seed,62.66,441.67,708,6,High Funding,88502.82485875706,7.048675390999043,10.443333333333333
AI0856,Orbit AI 856,2022,Germany,FinTech AI,Seed,0.54,5.06,14,1,Low Funding,38571.42857142857,9.370370370370368,0.54
AI0262,NexGen Robotics 262,2023,India,Retail AI,Series D,146.12,1237.58,582,2,High Funding,251065.29209621993,8.46961401587736,73.06
AI1051,Alpha Robotics 1051,2019,Germany,Retail AI,Series B,34.13,298.33,658,8,High Funding,51869.3009118541,8.74099033108702,4.26625
AI0672,Astra Robotics 672,2023,Canada,Marketing AI,Series A,8.26,91.67,37,6,High Funding,223243.24324324325,11.098062953995157,1.3766666666666667
AI0340,Orbit Analytics 340,2021,Canada,FinTech AI,Series C,33.01,121.51,513,8,High Funding,64346.978557504866,3.6810057558315665,4.12625
AI0740,Synth Tech 740,2021,Switzerland,Retail AI,Late Stage,189.9,1977.78,3294,6,High Funding,57650.27322404372,10.414849921011058,31.650000000000002
AI0833,Orbit Systems 833,2020,Singapore,EdTech AI,Series D,40.1,411.85,639,13,High Funding,62754.30359937402,10.270573566084789,3.0846153846153848
AI0494,Alpha Tech 494,2023,USA,Legal AI,Seed,2.48,20.77,22,16,Low Funding,112727.27272727272,8.375,0.155
AI0184,Data AI 184,2020,India,NLP,Series A,1.68,17.81,19,10,Low Funding,88421.05263157895,10.601190476190476,0.16799999999999998
AI0138,Intelli Systems 138,2018,USA,Marketing AI,Seed,0.6,6.56,21,14,Low Funding,28571.428571428572,10.933333333333334,0.04285714285714286
AI1180,Future Analytics 1180,2020,USA,Autonomous Vehicles,Series B,18.27,69.9,656,2,High Funding,27850.60975609756,3.8259441707717574,9.135
AI0731,Core Tech 731,2020,Netherlands,Legal AI,Series A,4.28,33.0,41,8,Low Funding,104390.24390243902,7.710280373831775,0.535
AI0655,Orbit Analytics 655,2023,Australia,EdTech AI,Series B,12.28,76.76,140,5,High Funding,87714.28571428571,6.250814332247558,2.456
AI0081,Logic Labs 81,2024,Canada,Climate AI,Pre-Seed,0.18,1.94,25,16,Low Funding,7200.0,10.777777777777779,0.01125
AI0520,Nova Systems 520,2019,Israel,EdTech AI,Series B,19.7,107.77,92,17,High Funding,214130.4347826087,5.470558375634518,1.1588235294117646
AI0819,Future AI 819,2021,Switzerland,Healthcare AI,Series A,2.68,8.4,4,15,Low Funding,670000.0,3.1343283582089554,0.17866666666666667
AI0814,Alpha Systems 814,2021,Canada,Retail AI,Series D,114.0,659.76,524,9,High Funding,217557.25190839695,5.787368421052632,12.666666666666666
AI0030,Cognify Labs 30,2021,UK,NLP,Series A,5.55,18.3,73,7,High Funding,76027.39726027397,3.2972972972972974,0.7928571428571428
AI0472,Synth Robotics 472,2025,Canada,Healthcare AI,Seed,3.87,43.1,26,12,Low Funding,148846.15384615384,11.136950904392766,0.3225
AI0166,Orbit AI 166,2018,France,Healthcare AI,Series A,2.25,12.92,13,5,Low Funding,173076.92307692306,5.742222222222222,0.45
AI0249,Mind Labs 249,2018,USA,Computer Vision,Series A,6.14,21.2,90,2,High Funding,68222.22222222222,3.452768729641694,3.07
AI0308,Logic Intelligence 308,2019,USA,Robotics,Series B,24.81,118.86,508,10,High Funding,48838.58267716535,4.79081015719468,2.481
AI0789,Vision Labs 789,2025,UAE,Climate AI,Series A,5.2,44.61,21,11,Low Funding,247619.04761904763,8.578846153846154,0.4727272727272727
AI0483,Alpha Analytics 483,2022,Israel,Autonomous Vehicles,Pre-Seed,0.15,1.24,13,13,Low Funding,11538.461538461539,8.266666666666667,0.011538461538461537
AI0347,Mind Intelligence 347,2020,Canada,Marketing AI,Series A,5.64,44.45,59,10,High Funding,95593.22033898305,7.881205673758866,0.564
AI0335,Intelli AI 335,2023,UK,Climate AI,Seed,5.78,18.48,113,15,High Funding,51150.44247787611,3.1972318339100347,0.38533333333333336
AI0286,Neural Tech 286,2020,China,Generative AI,Series A,8.68,45.65,47,4,High Funding,184680.8510638298,5.259216589861751,2.17
AI0985,Data Tech 985,2025,Canada,Computer Vision,Seed,0.59,4.87,4,12,Low Funding,147500.0,8.254237288135593,0.049166666666666664
AI0098,Astra Systems 98,2021,China,Cybersecurity AI,Seed,1.68,8.24,15,13,Low Funding,112000.0,4.904761904761905,0.12923076923076923
AI0971,Mind Intelligence 971,2025,Canada,Agriculture AI,Pre-Seed,0.18,1.56,25,7,Low Funding,7200.0,8.666666666666668,0.025714285714285714
AI1056,Vision AI 1056,2022,South Korea,Healthcare AI,Series A,9.6,109.1,63,8,High Funding,152380.95238095237,11.364583333333334,1.2
AI0946,Quantum Robotics 946,2024,Japan,Marketing AI,Late Stage,251.02,1225.96,1403,2,High Funding,178916.60727013543,4.88391363237989,125.51
AI0623,NexGen Analytics 623,2024,Netherlands,Cybersecurity AI,Seed,0.55,5.58,3,11,Low Funding,183333.33333333334,10.145454545454545,0.05
AI0705,Future Robotics 705,2022,South Korea,Healthcare AI,Pre-Seed,0.15,0.99,9,4,Low Funding,16666.666666666668,6.6000000000000005,0.0375
AI0635,Orbit Labs 635,2019,Israel,AI Infrastructure,Series C,30.03,139.83,308,3,High Funding,97500.0,4.656343656343656,10.01
AI0830,Neural Intelligence 830,2025,Brazil,Computer Vision,Seed,5.23,51.97,21,1,Low Funding,249047.61904761905,9.936902485659655,5.23
AI0839,Alpha Robotics 839,2021,Israel,Cybersecurity AI,Series B,45.61,521.8,512,15,High Funding,89082.03125,11.440473580355185,3.0406666666666666
AI0713,Mind Labs 713,2018,India,Agriculture AI,Series D,89.51,1026.52,594,2,High Funding,150690.23569023568,11.468215841805383,44.755
AI0066,Neural Tech 66,2019,Netherlands,Cybersecurity AI,Seed,3.7,30.44,54,2,Low Funding,68518.51851851853,8.227027027027027,1.85
AI0658,Vision Systems 658,2020,South Korea,Legal AI,Series D,34.77,334.63,179,8,High Funding,194245.81005586594,9.624101236698301,4.34625
AI0769,Astra Robotics 769,2021,USA,Legal AI,Seed,0.77,7.08,16,7,Low Funding,48125.0,9.194805194805195,0.11
AI0589,Intelli AI 589,2021,China,Climate AI,Series D,227.51,2696.81,1456,8,High Funding,156256.86813186813,11.85358885323722,28.43875
AI1103,Nova Systems 1103,2021,UAE,Generative AI,Seed,0.72,3.31,8,2,Low Funding,90000.0,4.597222222222222,0.36
AI1118,Alpha Intelligence 1118,2022,Singapore,Autonomous Vehicles,Series A,1.57,18.14,33,16,Low Funding,47575.757575757576,11.554140127388536,0.098125
AI0303,Nova AI 303,2020,Canada,Computer Vision,Series A,3.56,14.46,8,16,Low Funding,445000.0,4.061797752808989,0.2225
AI0255,Core Intelligence 255,2018,UK,Computer Vision,Series A,5.46,20.46,39,11,Low Funding,140000.0,3.7472527472527473,0.49636363636363634
AI0994,NexGen Systems 994,2021,Australia,AI Infrastructure,Seed,1.5,16.08,38,14,Low Funding,39473.68421052631,10.719999999999999,0.10714285714285714
AI0966,Deep Analytics 966,2018,UAE,FinTech AI,Seed,0.21,0.86,16,6,Low Funding,13125.0,4.095238095238095,0.034999999999999996
AI0313,Nova Robotics 313,2021,Japan,AI Infrastructure,Seed,1.94,22.32,18,10,Low Funding,107777.77777777778,11.505154639175258,0.194
AI0549,Nova Analytics 549,2019,Singapore,Legal AI,Series B,13.12,90.0,408,8,High Funding,32156.86274509804,6.859756097560976,1.64
AI0222,Future Tech 222,2020,Israel,Cybersecurity AI,Series B,15.38,62.82,186,2,High Funding,82688.17204301075,4.084525357607282,7.69
AI0478,Alpha Intelligence 478,2025,Canada,Climate AI,Series D,134.84,463.63,1128,15,High Funding,119539.00709219858,3.438371403144467,8.989333333333333
AI0389,Nova Analytics 389,2018,Israel,Legal AI,Series B,7.07,45.35,39,8,High Funding,181282.05128205128,6.414427157001414,0.88375
AI0236,Alpha Intelligence 236,2021,Japan,Healthcare AI,Seed,1.59,9.05,22,5,Low Funding,72272.72727272728,5.6918238993710695,0.318
AI0840,Logic Robotics 840,2022,Japan,Climate AI,Series A,5.5,44.68,91,11,Low Funding,60439.56043956044,8.123636363636363,0.5
AI0718,Orbit Robotics 718,2021,Brazil,Retail AI,Series A,13.51,86.99,102,5,High Funding,132450.98039215687,6.438934122871946,2.702
AI0737,Deep Analytics 737,2021,UK,Healthcare AI,Late Stage,74.4,592.61,584,2,High Funding,127397.2602739726,7.96518817204301,37.2
AI0306,Core Systems 306,2022,France,Legal AI,Seed,2.25,13.53,6,14,Low Funding,375000.0,6.013333333333333,0.16071428571428573
AI1162,Vision Labs 1162,2022,Japan,Generative AI,Seed,1.44,11.26,6,8,Low Funding,240000.0,7.819444444444445,0.18
AI0850,Orbit Systems 850,2023,USA,Climate AI,Series B,18.7,176.22,129,4,High Funding,144961.24031007753,9.423529411764706,4.675
AI0797,Neural Analytics 797,2022,Germany,Healthcare AI,Series A,9.36,95.99,73,10,High Funding,128219.17808219178,10.25534188034188,0.9359999999999999
AI0950,Mind Systems 950,2022,Netherlands,Legal AI,Late Stage,216.32,810.62,1813,1,High Funding,119316.05074462217,3.7473187869822486,216.32
AI1158,Data Analytics 1158,2018,UAE,AI Infrastructure,Series A,3.06,21.79,63,16,Low Funding,48571.42857142857,7.120915032679738,0.19125
AI0250,Alpha Intelligence 250,2020,South Korea,Marketing AI,Seed,19.89,86.93,97,7,High Funding,205051.54639175258,4.370537958773253,2.8414285714285716
AI0886,Neural Labs 886,2022,Australia,AI Infrastructure,Seed,0.52,4.3,14,1,Low Funding,37142.857142857145,8.269230769230768,0.52
AI0616,Alpha Labs 616,2020,Israel,Cybersecurity AI,Seed,0.6,4.19,11,12,Low Funding,54545.454545454544,6.983333333333334,0.049999999999999996
AI0072,Intelli Labs 72,2019,France,Retail AI,Series B,15.25,159.95,94,12,High Funding,162234.04255319148,10.488524590163934,1.2708333333333333
AI0095,NexGen Tech 95,2023,South Korea,FinTech AI,Seed,0.97,3.19,11,1,Low Funding,88181.81818181818,3.288659793814433,0.97
AI0576,Synth Analytics 576,2023,Germany,Cybersecurity AI,Series A,6.01,68.57,53,13,High Funding,113396.22641509434,11.409317803660565,0.4623076923076923
AI0034,Alpha Analytics 34,2019,South Korea,Legal AI,Series A,9.86,68.72,14,6,High Funding,704285.7142857143,6.9695740365111565,1.6433333333333333
AI0794,NexGen Analytics 794,2021,France,Marketing AI,Seed,0.46,3.33,5,6,Low Funding,92000.0,7.239130434782608,0.07666666666666667
AI0449,Orbit Intelligence 449,2024,USA,Retail AI,Pre-Seed,0.59,2.57,3,8,Low Funding,196666.66666666666,4.3559322033898304,0.07375
AI0446,Alpha Systems 446,2020,UK,Robotics,Series A,6.91,25.83,32,5,High Funding,215937.5,3.738060781476121,1.3820000000000001
AI0853,Intelli Analytics 853,2022,UAE,EdTech AI,Seed,0.4,4.3,12,13,Low Funding,33333.333333333336,10.749999999999998,0.03076923076923077
AI0728,Alpha Intelligence 728,2020,Brazil,Autonomous Vehicles,Pre-Seed,0.47,5.21,24,7,Low Funding,19583.333333333332,11.085106382978724,0.06714285714285714
AI0984,Nova Analytics 984,2022,UAE,Robotics,Series A,6.98,45.35,153,10,High Funding,45620.91503267974,6.497134670487106,0.6980000000000001
AI0078,Orbit Labs 78,2021,Germany,Climate AI,Series A,2.25,22.82,16,11,Low Funding,140625.0,10.142222222222223,0.20454545454545456
AI0085,Core Analytics 85,2024,Switzerland,Healthcare AI,Series A,33.67,189.38,195,13,High Funding,172666.66666666666,5.624591624591624,2.5900000000000003
AI0559,NexGen Labs 559,2025,Australia,Computer Vision,Seed,0.54,5.52,10,8,Low Funding,54000.0,10.222222222222221,0.0675
AI0083,Neural Analytics 83,2022,France,Agriculture AI,Series D,203.01,1061.32,4308,9,High Funding,47123.955431754875,5.227919806906064,22.556666666666665
AI0762,Cognify Tech 762,2019,Australia,Agriculture AI,Series B,27.83,221.08,188,13,High Funding,148031.914893617,7.943945382680561,2.1407692307692305
AI0437,Nova Tech 437,2025,France,NLP,Series C,72.73,383.79,363,4,High Funding,200358.12672176308,5.276914615701911,18.1825
AI0610,Alpha Tech 610,2025,Singapore,Autonomous Vehicles,Series D,81.68,571.69,1268,5,High Funding,64416.40378548896,6.999142997061704,16.336000000000002
AI0923,Orbit Analytics 923,2018,Brazil,Healthcare AI,Series A,3.09,10.76,26,11,Low Funding,118846.15384615384,3.482200647249191,0.2809090909090909
AI0405,Deep Intelligence 405,2025,France,EdTech AI,Seed,1.37,6.8,8,5,Low Funding,171250.0,4.963503649635036,0.274
AI1064,Core Analytics 1064,2022,Australia,Robotics,Pre-Seed,0.52,4.14,13,16,Low Funding,40000.0,7.961538461538461,0.0325
AI0629,Mind AI 629,2024,Canada,Autonomous Vehicles,Series D,87.06,621.07,1306,2,High Funding,66661.56202143952,7.133815759246497,43.53
AI0671,Mind Robotics 671,2018,South Korea,Marketing AI,Seed,0.7,2.76,15,2,Low Funding,46666.666666666664,3.9428571428571426,0.35
AI0105,Vertex Systems 105,2019,USA,Autonomous Vehicles,Series C,35.44,383.3,659,12,High Funding,53778.45220030349,10.815462753950339,2.953333333333333
AI1135,Nova Tech 1135,2020,UK,Retail AI,Seed,0.33,2.53,17,15,Low Funding,19411.764705882353,7.666666666666666,0.022000000000000002
AI0627,Future Systems 627,2022,India,Robotics,Late Stage,181.88,2151.51,1236,5,High Funding,147152.10355987056,11.829283043765122,36.376
AI0063,Orbit Tech 63,2022,Netherlands,Legal AI,Late Stage,112.66,745.16,933,13,High Funding,120750.2679528403,6.614237528847861,8.666153846153845
AI0282,Data Intelligence 282,2021,Japan,Generative AI,Late Stage,172.95,1457.54,1814,5,High Funding,95341.78610804852,8.427522405319456,34.589999999999996
AI0875,Mind Analytics 875,2019,China,Climate AI,Late Stage,91.85,554.71,2037,10,High Funding,45090.81983308787,6.039303211758303,9.184999999999999
AI0239,NexGen Robotics 239,2020,South Korea,EdTech AI,Late Stage,97.18,373.46,1189,6,High Funding,81732.54835996636,3.8429718048981267,16.19666666666667
AI0224,Logic Labs 224,2021,France,Autonomous Vehicles,Series C,31.24,323.39,95,6,High Funding,328842.1052631579,10.351792573623559,5.206666666666666
AI0146,Deep Labs 146,2024,France,Marketing AI,Series D,38.87,245.24,268,14,High Funding,145037.31343283583,6.309235914587086,2.7764285714285712
AI1138,Core Robotics 1138,2019,Canada,EdTech AI,Seed,1.01,4.36,3,13,Low Funding,336666.6666666667,4.316831683168317,0.0776923076923077
AI0374,Synth Systems 374,2025,China,Legal AI,Pre-Seed,0.15,1.56,7,10,Low Funding,21428.571428571428,10.4,0.015
AI0119,Data Analytics 119,2025,China,EdTech AI,Series A,7.34,47.14,75,4,High Funding,97866.66666666667,6.422343324250681,1.835
AI0831,Astra Intelligence 831,2022,Canada,Legal AI,Series A,5.525,11.74,8,2,High Funding,690625.0,2.1248868778280543,2.7625
AI0251,Deep AI 251,2023,Israel,Generative AI,Seed,3.54,16.58,20,10,Low Funding,177000.0,4.683615819209039,0.354
AI1176,Mind Intelligence 1176,2024,South Korea,Climate AI,Pre-Seed,0.6,5.72,17,16,Low Funding,35294.117647058825,9.533333333333333,0.0375
AI0010,NexGen Intelligence 10,2019,Canada,FinTech AI,Pre-Seed,0.27,3.03,18,15,Low Funding,15000.0,11.222222222222221,0.018000000000000002
AI0450,Alpha Tech 450,2023,Canada,Robotics,Series D,224.65,1450.4,2082,2,High Funding,107901.05667627281,6.4562653015802365,112.325
AI0906,Astra Labs 906,2019,Germany,Generative AI,Seed,0.49,3.33,12,1,Low Funding,40833.333333333336,6.795918367346939,0.49
AI0390,Intelli Robotics 390,2018,Japan,FinTech AI,Series A,1.89,15.1,22,8,Low Funding,85909.09090909091,7.98941798941799,0.23625
AI1184,Data Labs 1184,2021,Netherlands,EdTech AI,Seed,54.11,579.86,687,6,High Funding,78762.7365356623,10.716318610238403,9.018333333333333
AI0934,Quantum Analytics 934,2018,Germany,Computer Vision,Late Stage,145.91,745.03,1290,3,High Funding,113108.52713178295,5.106092796929614,48.63666666666666
AI0461,Data AI 461,2019,Switzerland,NLP,Seed,1.36,13.77,3,11,Low Funding,453333.3333333333,10.124999999999998,0.12363636363636364
AI1133,NexGen Robotics 1133,2023,Israel,Marketing AI,Pre-Seed,0.18,1.1,12,12,Low Funding,15000.0,6.111111111111112,0.015
AI0145,Quantum Systems 145,2025,Singapore,NLP,Series C,17.43,150.16,252,6,High Funding,69166.66666666667,8.61503155479059,2.905
AI0502,Deep Systems 502,2022,China,EdTech AI,Series A,3.2,28.17,8,5,Low Funding,400000.0,8.803125,0.64
AI0540,Core Analytics 540,2019,India,AI Infrastructure,Series A,6.39,38.89,34,17,High Funding,187941.17647058822,6.086071987480438,0.37588235294117645
AI0178,Synth Labs 178,2020,India,Legal AI,Seed,1.01,5.29,8,16,Low Funding,126250.0,5.237623762376238,0.063125
AI1178,Synth Analytics 1178,2025,Israel,EdTech AI,Seed,2.82,17.88,75,17,Low Funding,37600.0,6.340425531914893,0.16588235294117645
AI0723,Synth Tech 723,2021,Germany,Climate AI,Series B,12.25,44.81,217,11,High Funding,56451.6129032258,3.6579591836734697,1.1136363636363635
AI0722,Data Robotics 722,2020,Germany,Cybersecurity AI,Series A,6.76,30.53,31,4,High Funding,218064.51612903227,4.516272189349113,1.69
AI0008,Core Systems 8,2022,Australia,FinTech AI,Seed,2.48,20.16,8,13,Low Funding,310000.0,8.129032258064516,0.19076923076923077
AI0736,Vertex Intelligence 736,2020,Australia,AI Infrastructure,Seed,0.26,0.83,11,14,Low Funding,23636.363636363636,3.192307692307692,0.018571428571428572
AI0873,Nova Analytics 873,2019,South Korea,Generative AI,Late Stage,107.32,1260.31,161,5,High Funding,666583.850931677,11.743477450614984,21.464
AI0358,Data Labs 358,2025,Canada,FinTech AI,Series B,23.81,195.94,375,11,High Funding,63493.333333333336,8.229315413691726,2.1645454545454546
AI0330,Synth Intelligence 330,2025,Switzerland,FinTech AI,Series A,3.3,29.87,33,13,Low Funding,100000.0,9.051515151515153,0.25384615384615383
AI0729,Cognify Tech 729,2022,Netherlands,Legal AI,Seed,0.84,7.44,21,1,Low Funding,40000.0,8.857142857142858,0.84
AI0860,Future Labs 860,2024,UAE,Retail AI,Pre-Seed,1.36,4.38,5,14,Low Funding,272000.0,3.2205882352941173,0.09714285714285716
AI0259,Logic AI 259,2025,Israel,Legal AI,Seed,2.01,6.92,35,5,Low Funding,57428.57142857142,3.4427860696517416,0.40199999999999997
AI0900,Nova Analytics 900,2020,Switzerland,Autonomous Vehicles,Series B,8.99,29.48,65,15,High Funding,138307.6923076923,3.279199110122358,0.5993333333333334
AI0924,Core Systems 924,2024,UAE,FinTech AI,Series A,4.21,48.44,86,5,Low Funding,48953.48837209302,11.505938242280285,0.842
AI1192,Vision Intelligence 1192,2020,South Korea,Computer Vision,Pre-Seed,0.15,1.72,13,12,Low Funding,11538.461538461539,11.466666666666667,0.012499999999999999
AI0622,Intelli Intelligence 622,2019,Japan,Autonomous Vehicles,Series A,4.4,46.24,51,16,Low Funding,86274.50980392157,10.509090909090908,0.275
AI0859,Neural Robotics 859,2019,Netherlands,Robotics,Series A,3.65,16.68,16,2,Low Funding,228125.0,4.5698630136986305,1.825
AI0526,Cognify Robotics 526,2024,Israel,EdTech AI,Series C,54.98,305.27,587,12,High Funding,93662.69165247018,5.552382684612587,4.581666666666666
AI0843,Logic Labs 843,2018,Singapore,Generative AI,Seed,1.78,20.22,12,11,Low Funding,148333.33333333334,11.359550561797752,0.16181818181818183
AI0979,Vision Intelligence 979,2025,Switzerland,Marketing AI,Seed,0.69,5.6,8,4,Low Funding,86250.0,8.115942028985508,0.1725
AI1175,Vision Labs 1175,2018,UAE,Cybersecurity AI,Late Stage,152.05,962.39,662,7,High Funding,229682.77945619336,6.329431108188095,21.72142857142857
AI1160,Quantum Robotics 1160,2021,Canada,Agriculture AI,Seed,1.63,7.05,14,12,Low Funding,116428.57142857143,4.325153374233129,0.13583333333333333
AI0441,NexGen Labs 441,2018,Israel,EdTech AI,Series D,42.68,133.29,91,2,High Funding,469010.989010989,3.1230084348641047,21.34
AI0532,Alpha AI 532,2025,China,NLP,Seed,1.05,4.85,9,5,Low Funding,116666.66666666667,4.619047619047619,0.21000000000000002
AI0995,Nova Labs 995,2021,UAE,NLP,Seed,0.7,8.07,32,15,Low Funding,21875.0,11.52857142857143,0.04666666666666666
AI0229,Cognify Analytics 229,2018,UK,Computer Vision,Series C,74.94,295.82,2251,17,High Funding,33291.87027987561,3.947424606351748,4.408235294117647
AI1091,Vertex Labs 1091,2021,USA,AI Infrastructure,Pre-Seed,0.24,1.45,9,3,Low Funding,26666.666666666668,6.041666666666667,0.08
AI0213,Cognify Robotics 213,2022,UK,AI Infrastructure,Series A,3.36,14.31,26,10,Low Funding,129230.76923076923,4.258928571428572,0.33599999999999997
AI0080,Vertex Tech 80,2021,India,Robotics,Series C,10.54,62.03,58,6,High Funding,181724.1379310345,5.885199240986718,1.7566666666666666
AI0149,Future Analytics 149,2018,Brazil,Climate AI,Series A,4.32,30.65,18,4,Low Funding,240000.0,7.0949074074074066,1.08
AI0738,Future Intelligence 738,2022,USA,EdTech AI,Pre-Seed,1.56,5.54,12,3,Low Funding,130000.0,3.551282051282051,0.52
AI0732,Cognify Robotics 732,2018,Netherlands,Autonomous Vehicles,Late Stage,87.73,939.56,532,17,High Funding,164906.01503759398,10.709677419354838,5.160588235294118
AI0611,Vision Robotics 611,2022,UAE,FinTech AI,Seed,0.57,5.57,9,13,Low Funding,63333.333333333336,9.771929824561404,0.04384615384615384
AI0134,Synth AI 134,2022,Singapore,Agriculture AI,Series C,17.21,205.33,112,8,High Funding,153660.7142857143,11.930854154561302,2.15125
AI0808,Logic Systems 808,2018,Switzerland,EdTech AI,Series A,7.57,42.61,78,2,High Funding,97051.28205128205,5.6287978863936585,3.785
AI0409,Core Intelligence 409,2021,Singapore,Autonomous Vehicles,Late Stage,149.3,491.77,4262,5,High Funding,35030.502111684655,3.293837910247823,29.860000000000003
AI0696,Future Robotics 696,2021,Japan,NLP,Series C,8.5,33.77,48,11,High Funding,177083.33333333334,3.9729411764705884,0.7727272727272727
AI0508,Vision Tech 508,2020,Brazil,Robotics,Seed,1.56,14.21,22,4,Low Funding,70909.09090909091,9.10897435897436,0.39
AI0909,Logic Intelligence 909,2024,India,Legal AI,Series B,12.02,72.23,45,10,High Funding,267111.1111111111,6.009151414309485,1.202
AI0505,Future Systems 505,2024,Canada,Robotics,Series D,157.19,1684.32,950,2,High Funding,165463.15789473685,10.71518544436669,78.595
AI0851,Core Labs 851,2024,Switzerland,Autonomous Vehicles,Series A,4.13,12.59,58,16,Low Funding,71206.89655172414,3.0484261501210654,0.258125
AI0348,Synth Labs 348,2021,Netherlands,Climate AI,Series B,36.53,170.54,93,13,High Funding,392795.6989247312,4.668491650698056,2.81
AI0387,Core Tech 387,2020,UAE,Robotics,Series D,77.92,269.01,8000,1,High Funding,9740.0,3.4523870636550305,77.92
AI0001,Vertex Labs 1,2024,Australia,Agriculture AI,Seed,0.53,3.34,8,14,Low Funding,66250.0,6.301886792452829,0.03785714285714286
AI0361,Data Analytics 361,2021,Japan,Healthcare AI,Series B,21.56,97.16,155,5,High Funding,139096.7741935484,4.5064935064935066,4.311999999999999
AI1153,Neural Tech 1153,2021,Germany,Computer Vision,Series B,36.6,366.97,321,11,High Funding,114018.69158878505,10.026502732240438,3.3272727272727276
AI0476,Deep Labs 476,2025,China,Marketing AI,Series A,5.25,25.29,32,15,Low Funding,164062.5,4.817142857142857,0.35
AI0803,Alpha Analytics 803,2018,South Korea,EdTech AI,Series C,7.79,80.35,61,1,High Funding,127704.91803278688,10.314505776636713,7.79
AI0779,Cognify Intelligence 779,2025,UAE,EdTech AI,Series A,7.42,62.46,38,5,High Funding,195263.15789473685,8.417789757412399,1.484
AI0173,Nova AI 173,2020,Germany,Cybersecurity AI,Series A,5.7,67.96,24,11,High Funding,237500.0,11.922807017543859,0.5181818181818182
AI0451,Alpha Analytics 451,2023,South Korea,Agriculture AI,Seed,1.12,4.35,6,11,Low Funding,186666.66666666666,3.8839285714285707,0.10181818181818182
AI0126,Intelli AI 126,2025,UK,NLP,Seed,1.87,13.58,11,17,Low Funding,170000.0,7.262032085561497,0.11
AI0662,Vertex AI 662,2020,France,EdTech AI,Seed,1.03,7.23,17,11,Low Funding,60588.23529411765,7.019417475728155,0.09363636363636364
AI0531,Synth Robotics 531,2018,Brazil,Cybersecurity AI,Series A,2.39,15.81,23,6,Low Funding,103913.04347826086,6.615062761506276,0.3983333333333334
AI0091,Vision Labs 91,2025,Switzerland,Agriculture AI,Series C,37.99,339.95,1459,16,High Funding,26038.382453735434,8.948407475651486,2.374375
AI1181,Logic AI 1181,2023,Brazil,AI Infrastructure,Series D,61.91,449.16,400,13,High Funding,154775.0,7.255047649814247,4.762307692307692
AI0182,Neural Intelligence 182,2024,France,EdTech AI,Series A,9.14,77.48,71,9,High Funding,128732.39436619719,8.477024070021882,1.0155555555555555
AI1182,Mind Intelligence 1182,2025,Switzerland,Climate AI,Late Stage,71.24,376.26,1069,4,High Funding,66641.72123479888,5.281583380123527,17.81
AI0415,NexGen Intelligence 415,2020,UK,Climate AI,Series D,136.47,904.66,2764,10,High Funding,49374.095513748194,6.6290027112185825,13.647
AI0252,Intelli Systems 252,2018,India,Computer Vision,Pre-Seed,0.15,1.41,16,15,Low Funding,9375.0,9.4,0.01
AI0070,Vision Labs 70,2023,Japan,Computer Vision,Series D,104.68,1131.93,2580,1,High Funding,40573.64341085271,10.813240351547574,104.68
AI0132,Neural Robotics 132,2022,UK,Cybersecurity AI,Late Stage,188.53,1805.31,5345,8,High Funding,35272.21702525725,9.575717392457433,23.56625
AI0301,Core Systems 301,2018,Netherlands,Marketing AI,Late Stage,20.29,90.63,154,4,High Funding,131753.24675324676,4.466732380482997,5.0725
AI0842,Orbit Labs 842,2025,UAE,AI Infrastructure,Late Stage,463.12,4829.97,6338,7,High Funding,73070.36920164089,10.429197616168596,66.16
AI0327,Logic Systems 327,2020,Canada,FinTech AI,Series C,94.39,499.7,207,13,High Funding,455990.3381642512,5.29399300773387,7.260769230769231
AI1194,Core Systems 1194,2025,Canada,Generative AI,Seed,0.93,3.78,43,3,Low Funding,21627.906976744187,4.064516129032258,0.31
AI0500,Deep Labs 500,2021,Singapore,Cybersecurity AI,Late Stage,263.96,990.78,2886,14,High Funding,91462.23146223146,3.7535232611001668,18.854285714285712
AI0963,Mind Tech 963,2023,Japan,Cybersecurity AI,Series A,6.05,54.31,71,14,High Funding,85211.26760563381,8.976859504132232,0.4321428571428571
AI1071,Intelli Intelligence 1071,2022,UK,Retail AI,Series C,49.1,461.51,352,14,High Funding,139488.63636363635,9.39938900203666,3.507142857142857
AI0496,Cognify Analytics 496,2024,India,EdTech AI,Series B,21.21,104.48,73,9,High Funding,290547.94520547945,4.925978312116926,2.356666666666667
AI0339,NexGen AI 339,2021,Israel,Climate AI,Series D,55.92,311.47,374,7,High Funding,149518.7165775401,5.569921316165952,7.988571428571428
AI0999,NexGen Robotics 999,2025,South Korea,EdTech AI,Pre-Seed,0.43,4.92,10,1,Low Funding,43000.0,11.44186046511628,0.43
AI0165,Mind Analytics 165,2019,Germany,AI Infrastructure,Series A,4.65,48.77,43,14,Low Funding,108139.53488372093,10.488172043010753,0.3321428571428572
AI0029,NexGen Labs 29,2025,Israel,Robotics,Pre-Seed,0.21,1.64,3,11,Low Funding,70000.0,7.809523809523809,0.01909090909090909
AI0517,Astra Robotics 517,2025,USA,Cybersecurity AI,Late Stage,271.28,1656.22,2004,9,High Funding,135369.26147704592,6.1052049542907705,30.14222222222222
AI0194,Alpha Labs 194,2024,South Korea,Robotics,Series D,43.63,135.84,295,3,High Funding,147898.30508474575,3.113454045381618,14.543333333333335
AI0784,Alpha AI 784,2021,Brazil,Autonomous Vehicles,Seed,0.79,3.06,8,14,Low Funding,98750.0,3.873417721518987,0.05642857142857143
AI1117,Core Labs 1117,2024,Netherlands,NLP,Series D,212.43,907.94,2596,6,High Funding,81829.73805855162,4.274066751400461,35.405
AI0170,Future Tech 170,2023,South Korea,Marketing AI,Series C,27.76,97.91,221,13,High Funding,125610.85972850678,3.527017291066282,2.1353846153846154
AI0174,Deep AI 174,2021,Brazil,EdTech AI,Seed,1.26,5.66,10,11,Low Funding,126000.0,4.492063492063492,0.11454545454545455
AI0519,Orbit AI 519,2025,China,Healthcare AI,Series D,49.49,376.69,351,11,High Funding,140997.150997151,7.611436653869468,4.499090909090909
AI0953,Deep AI 953,2022,Canada,Agriculture AI,Seed,0.3,2.63,11,11,Low Funding,27272.727272727272,8.766666666666667,0.02727272727272727
AI1114,Mind Tech 1114,2024,Australia,Climate AI,Seed,1.47,13.96,7,7,Low Funding,210000.0,9.496598639455783,0.21
AI0492,Astra AI 492,2022,UK,EdTech AI,Series A,4.39,16.76,43,11,Low Funding,102093.02325581395,3.8177676537585428,0.39909090909090905
AI0074,Neural Robotics 74,2019,Switzerland,FinTech AI,Pre-Seed,0.52,3.39,8,15,Low Funding,65000.0,6.519230769230769,0.034666666666666665
AI1028,Mind AI 1028,2020,USA,Robotics,Series B,23.91,274.52,352,12,High Funding,67926.13636363637,11.481388540359681,1.9925
AI0588,Quantum Systems 588,2020,Germany,Robotics,Late Stage,84.51,877.59,437,10,High Funding,193386.72768878718,10.384451544195953,8.451
AI0235,Core Analytics 235,2021,UAE,Legal AI,Seed,1.04,6.37,13,3,Low Funding,80000.0,6.125,0.3466666666666667
AI0215,Alpha Analytics 215,2020,USA,Cybersecurity AI,Pre-Seed,0.2,2.01,6,17,Low Funding,33333.333333333336,10.049999999999999,0.011764705882352941
AI1195,Deep Systems 1195,2019,Germany,Generative AI,Series D,70.2,504.87,868,4,High Funding,80875.57603686636,7.191880341880342,17.55
AI0133,Synth Labs 133,2018,France,Robotics,Seed,0.42,3.29,15,16,Low Funding,28000.0,7.833333333333334,0.02625
AI0802,NexGen Analytics 802,2023,India,EdTech AI,Series B,9.07,31.58,74,17,High Funding,122567.56756756757,3.4818081587651597,0.5335294117647059
AI0757,Alpha Tech 757,2019,Brazil,AI Infrastructure,Seed,5.525,10.61,31,3,High Funding,178225.8064516129,1.920361990950226,1.8416666666666668
AI0975,Synth Labs 975,2021,Netherlands,FinTech AI,Series B,9.61,90.08,130,15,High Funding,73923.07692307692,9.373569198751301,0.6406666666666666
AI0186,Vision Robotics 186,2022,USA,Agriculture AI,Series A,3.29,14.73,15,4,Low Funding,219333.33333333334,4.477203647416413,0.8225
AI0042,Intelli Robotics 42,2024,Japan,Computer Vision,Series D,75.97,243.28,1457,14,High Funding,52141.386410432395,3.2023167039620906,5.426428571428572
AI0109,Mind Labs 109,2023,South Korea,EdTech AI,Series B,13.5,145.98,374,15,High Funding,36096.25668449198,10.813333333333333,0.9
AI0880,Future Labs 880,2022,Germany,Computer Vision,Series C,11.84,107.48,108,13,High Funding,109629.62962962964,9.077702702702704,0.9107692307692308
AI0569,Neural Labs 569,2024,Japan,Computer Vision,Seed,1.71,16.55,15,13,Low Funding,114000.0,9.678362573099415,0.13153846153846155
AI1006,Vision Intelligence 1006,2022,India,Robotics,Series C,46.52,187.94,477,16,High Funding,97526.20545073376,4.039982803095443,2.9075
AI1033,Deep Intelligence 1033,2018,France,Legal AI,Series C,5.525,134.42,75,1,High Funding,73666.66666666667,24.329411764705878,5.525
AI1174,Astra Systems 1174,2024,China,Climate AI,Pre-Seed,1.02,8.15,5,17,Low Funding,204000.0,7.990196078431373,0.06
AI0484,Future Intelligence 484,2023,South Korea,Marketing AI,Pre-Seed,0.23,2.27,4,3,Low Funding,57500.0,9.869565217391305,0.07666666666666667
AI0469,Astra Systems 469,2022,Switzerland,Agriculture AI,Series A,2.67,24.31,14,13,Low Funding,190714.2857142857,9.104868913857677,0.2053846153846154
AI0025,Data Robotics 25,2021,Singapore,EdTech AI,Series A,2.8,32.3,4,12,Low Funding,700000.0,11.535714285714285,0.2333333333333333
AI0683,NexGen Labs 683,2024,UK,Computer Vision,Seed,1.6,6.63,24,16,Low Funding,66666.66666666667,4.14375,0.1
AI1161,NexGen Intelligence 1161,2025,Japan,Healthcare AI,Seed,3.14,37.3,38,3,Low Funding,82631.57894736843,11.878980891719744,1.0466666666666666
AI0778,Vertex AI 778,2025,India,EdTech AI,Series A,3.07,35.82,30,9,Low Funding,102333.33333333333,11.667752442996743,0.3411111111111111
AI1031,Neural Intelligence 1031,2024,Switzerland,Legal AI,Seed,3.27,23.99,39,15,Low Funding,83846.15384615384,7.336391437308868,0.218
AI0367,Orbit Robotics 367,2023,China,Retail AI,Series A,14.85,162.75,85,9,High Funding,174705.88235294117,10.95959595959596,1.65
AI0870,Deep AI 870,2023,Netherlands,Generative AI,Seed,4.06,43.42,51,10,Low Funding,79607.8431372549,10.694581280788178,0.40599999999999997
AI1120,Vertex Systems 1120,2023,India,Agriculture AI,Seed,0.32,3.01,5,16,Low Funding,64000.0,9.40625,0.02
AI0384,Vision Labs 384,2022,Netherlands,Retail AI,Late Stage,189.3,1906.64,1704,13,High Funding,111091.54929577465,10.072054939249869,14.561538461538463
AI0455,Alpha Tech 455,2022,Netherlands,Climate AI,Pre-Seed,0.22,1.9,3,11,Low Funding,73333.33333333333,8.636363636363637,0.02
AI0265,Alpha Analytics 265,2020,Singapore,Cybersecurity AI,Series C,31.4,103.09,265,3,High Funding,118490.56603773584,3.2831210191082807,10.466666666666667
AI0786,Vision Analytics 786,2018,Japan,Climate AI,Seed,1.58,12.01,18,1,Low Funding,87777.77777777778,7.60126582278481,1.58
AI1016,Logic Robotics 1016,2023,Netherlands,Autonomous Vehicles,Late Stage,163.12,1734.95,547,2,High Funding,298208.40950639854,10.636034820990682,81.56
AI0445,Quantum Analytics 445,2021,India,Robotics,Series A,7.4,74.97,71,1,High Funding,104225.35211267606,10.13108108108108,7.4
AI0396,Future Systems 396,2021,South Korea,Cybersecurity AI,Seed,1.68,9.16,7,14,Low Funding,240000.0,5.4523809523809526,0.12
AI1121,Alpha Intelligence 1121,2019,Israel,Agriculture AI,Series A,4.77,26.48,43,16,Low Funding,110930.23255813954,5.551362683438156,0.298125
AI0177,Quantum Robotics 177,2020,Germany,EdTech AI,Pre-Seed,0.2,2.27,5,4,Low Funding,40000.0,11.35,0.05
AI0019,Vision Intelligence 19,2025,Switzerland,Computer Vision,Series D,149.72,1040.34,5032,1,High Funding,29753.57710651828,6.9485706652417845,149.72
AI1063,Neural AI 1063,2024,Canada,EdTech AI,Series B,76.92,297.64,1152,13,High Funding,66770.83333333333,3.8694747789911594,5.916923076923077
AI0844,Intelli Tech 844,2024,USA,Legal AI,Pre-Seed,0.15,0.71,7,6,Low Funding,21428.571428571428,4.733333333333333,0.024999999999999998
AI0596,Core Analytics 596,2021,Canada,Healthcare AI,Late Stage,123.6,386.6,1421,15,High Funding,86980.99929627024,3.1278317152103563,8.24
AI0062,Logic AI 62,2024,USA,Marketing AI,Series A,4.43,36.74,59,7,Low Funding,75084.74576271187,8.293453724604968,0.6328571428571428
AI0273,Deep Labs 273,2025,Australia,AI Infrastructure,Series C,22.56,267.03,98,8,High Funding,230204.08163265305,11.836436170212766,2.82
AI1145,Neural Analytics 1145,2021,India,FinTech AI,Pre-Seed,0.24,1.73,9,17,Low Funding,26666.666666666668,7.208333333333334,0.014117647058823528
AI0279,Mind Systems 279,2018,South Korea,FinTech AI,Late Stage,33.97,235.53,367,6,High Funding,92561.30790190736,6.933470709449515,5.661666666666666
AI1025,Core Labs 1025,2025,China,FinTech AI,Series A,34.95,396.75,146,10,High Funding,239383.56164383562,11.351931330472102,3.495
AI0695,Data Analytics 695,2019,UAE,Autonomous Vehicles,Series D,37.81,324.59,159,4,High Funding,237798.7421383648,8.584765934937845,9.4525
AI0369,Deep Analytics 369,2020,South Korea,NLP,Series C,24.49,89.14,120,12,High Funding,204083.33333333334,3.63985300122499,2.040833333333333
AI0919,Future Intelligence 919,2021,Germany,Climate AI,Seed,0.44,4.59,16,11,Low Funding,27500.0,10.431818181818182,0.04
AI0849,Intelli Labs 849,2024,USA,FinTech AI,Series B,24.13,246.48,182,17,High Funding,132582.41758241758,10.214670534604227,1.4194117647058824
AI0891,Quantum Analytics 891,2024,Singapore,Generative AI,Seed,1.26,10.82,8,10,Low Funding,157500.0,8.587301587301587,0.126
AI1005,Quantum Analytics 1005,2018,UK,Robotics,Series D,174.05,1781.96,2434,11,High Funding,71507.80608052589,10.238207411663314,15.822727272727274
AI0799,Core Systems 799,2018,Switzerland,Generative AI,Series C,5.15,60.8,29,11,Low Funding,177586.2068965517,11.805825242718445,0.4681818181818182
AI0548,Neural Systems 548,2021,Netherlands,Robotics,Series A,11.1,63.25,119,12,High Funding,93277.31092436975,5.698198198198198,0.9249999999999999
AI0912,Intelli Tech 912,2022,Germany,Retail AI,Seed,0.53,2.86,14,5,Low Funding,37857.142857142855,5.396226415094339,0.10600000000000001
AI0689,Quantum AI 689,2024,India,AI Infrastructure,Series A,4.18,39.18,51,6,Low Funding,81960.78431372548,9.373205741626794,0.6966666666666667
AI0933,Logic Robotics 933,2018,India,FinTech AI,Series A,7.5,32.65,82,7,High Funding,91463.41463414633,4.3533333333333335,1.0714285714285714
AI0457,Mind Intelligence 457,2023,South Korea,FinTech AI,Series A,8.64,66.62,61,6,High Funding,141639.34426229508,7.710648148148148,1.4400000000000002
AI0394,Quantum Labs 394,2025,Germany,Climate AI,Series B,5.31,36.72,61,3,Low Funding,87049.18032786885,6.915254237288136,1.7699999999999998
AI0676,Vertex Tech 676,2022,South Korea,Agriculture AI,Pre-Seed,0.48,4.32,10,5,Low Funding,48000.0,9.000000000000002,0.096
AI0945,Alpha Systems 945,2022,Canada,Generative AI,Seed,0.93,7.39,3,4,Low Funding,310000.0,7.946236559139784,0.2325
AI1000,Astra Systems 1000,2020,France,Computer Vision,Seed,3.19,36.23,50,6,Low Funding,63800.0,11.357366771159874,0.5316666666666666
AI0376,Logic Intelligence 376,2021,China,Marketing AI,Series C,16.21,120.01,93,16,High Funding,174301.0752688172,7.403454657618754,1.013125
AI0413,Quantum Analytics 413,2023,Australia,Cybersecurity AI,Series A,3.75,20.98,18,8,Low Funding,208333.33333333334,5.594666666666667,0.46875
AI0075,Vertex Analytics 75,2022,Germany,Cybersecurity AI,Seed,1.38,12.9,7,1,Low Funding,197142.85714285713,9.347826086956523,1.38
AI1141,NexGen Analytics 1141,2023,UK,Marketing AI,Pre-Seed,0.27,2.91,7,13,Low Funding,38571.42857142857,10.777777777777777,0.02076923076923077
AI0894,Quantum Analytics 894,2022,UAE,Climate AI,Series A,3.97,34.12,34,5,Low Funding,116764.70588235294,8.594458438287152,0.794
AI0501,Vertex Intelligence 501,2024,Israel,Marketing AI,Seed,1.04,4.83,9,13,Low Funding,115555.55555555556,4.644230769230769,0.08
AI0938,Quantum Intelligence 938,2022,UK,AI Infrastructure,Seed,1.86,7.2,31,16,Low Funding,60000.0,3.8709677419354835,0.11625
AI0617,Deep Intelligence 617,2018,Netherlands,Generative AI,Series D,37.84,377.77,372,2,High Funding,101720.43010752689,9.983350951374206,18.92
AI0115,Nova Systems 115,2024,China,EdTech AI,Series A,11.92,99.75,23,17,High Funding,518260.8695652174,8.368288590604028,0.7011764705882353
AI0418,Vision Labs 418,2019,France,AI Infrastructure,Series D,69.76,560.47,474,10,High Funding,147172.99578059072,8.034260321100918,6.976000000000001
AI0602,Deep Systems 602,2025,South Korea,Healthcare AI,Series A,12.91,67.08,85,3,High Funding,151882.35294117648,5.195972114639814,4.303333333333334
AI0605,Intelli Analytics 605,2024,UK,Agriculture AI,Pre-Seed,0.43,4.29,28,15,Low Funding,15357.142857142857,9.976744186046512,0.028666666666666667
AI0090,Neural Tech 90,2019,Israel,Cybersecurity AI,Late Stage,99.79,936.22,524,8,High Funding,190438.93129770993,9.381901994187794,12.47375
AI1168,Logic Analytics 1168,2023,South Korea,EdTech AI,Series B,19.88,201.28,63,12,High Funding,315555.55555555556,10.124748490945674,1.6566666666666665
AI0499,Orbit AI 499,2018,France,Legal AI,Pre-Seed,0.19,1.15,4,9,Low Funding,47500.0,6.052631578947368,0.021111111111111112
AI0908,Vision Analytics 908,2020,Japan,NLP,Series B,25.7,142.46,544,13,High Funding,47242.64705882353,5.5431906614786,1.9769230769230768
AI0915,Astra AI 915,2021,Netherlands,NLP,Pre-Seed,0.41,3.19,10,7,Low Funding,41000.0,7.7804878048780495,0.058571428571428566
AI0913,NexGen Labs 913,2022,UAE,Climate AI,Seed,1.23,13.13,6,12,Low Funding,205000.0,10.67479674796748,0.1025
AI0012,Alpha Systems 12,2024,India,Autonomous Vehicles,Late Stage,89.68,863.32,1086,12,High Funding,82578.26887661142,9.626672613737734,7.473333333333334
AI0397,Alpha AI 397,2025,UK,Marketing AI,Seed,1.6,8.75,20,3,Low Funding,80000.0,5.46875,0.5333333333333333
AI1123,Core AI 1123,2020,Canada,Legal AI,Series B,20.1,117.63,115,5,High Funding,174782.60869565216,5.852238805970148,4.0200000000000005
AI0556,Intelli Systems 556,2025,South Korea,Cybersecurity AI,Pre-Seed,0.95,3.72,10,3,Low Funding,95000.0,3.9157894736842107,0.31666666666666665
AI0043,NexGen Labs 43,2019,Israel,Climate AI,Seed,0.89,10.6,8,13,Low Funding,111250.0,11.910112359550562,0.06846153846153846
AI0168,Deep Analytics 168,2024,India,EdTech AI,Seed,1.03,6.82,4,7,Low Funding,257500.0,6.621359223300971,0.14714285714285716
AI0417,Cognify Labs 417,2022,Switzerland,Climate AI,Seed,1.0,6.92,27,15,Low Funding,37037.03703703704,6.92,0.06666666666666667
AI0577,Deep Labs 577,2022,Brazil,Climate AI,Series C,31.56,273.23,141,7,High Funding,223829.78723404257,8.657477820025349,4.508571428571428
AI0268,Logic Robotics 268,2025,UK,EdTech AI,Seed,0.4,2.4,6,7,Low Funding,66666.66666666667,5.999999999999999,0.05714285714285715
AI1061,Synth Systems 1061,2018,India,Agriculture AI,Series B,4.88,47.98,24,16,Low Funding,203333.33333333334,9.831967213114753,0.305
AI0427,Astra Labs 427,2018,Japan,Retail AI,Series B,16.32,104.03,109,14,High Funding,149724.77064220182,6.3743872549019605,1.1657142857142857
AI0691,Alpha Labs 691,2019,Switzerland,AI Infrastructure,Series B,16.17,110.93,96,10,High Funding,168437.50000000003,6.8602350030921455,1.6170000000000002
AI0545,Neural Tech 545,2018,China,Generative AI,Series C,9.49,75.02,150,1,High Funding,63266.666666666664,7.905163329820864,9.49
AI1142,Data Tech 1142,2018,UK,Generative AI,Series D,72.46,688.4,647,7,High Funding,111993.81761978361,9.50041402152912,10.35142857142857
AI0675,NexGen Analytics 675,2021,France,Retail AI,Pre-Seed,0.33,2.66,4,14,Low Funding,82500.0,8.06060606060606,0.023571428571428573
AI0690,Neural Systems 690,2019,China,Cybersecurity AI,Seed,0.32,3.14,12,15,Low Funding,26666.666666666668,9.8125,0.021333333333333333
AI1074,Astra Systems 1074,2020,UAE,NLP,Series B,8.1,58.58,31,3,High Funding,261290.32258064515,7.232098765432099,2.6999999999999997
AI1196,Astra Labs 1196,2022,Switzerland,Climate AI,Series C,9.71,51.71,93,8,High Funding,104408.60215053764,5.325437693099897,1.21375
AI1019,Quantum Analytics 1019,2025,Israel,AI Infrastructure,Series A,9.1,75.49,63,12,High Funding,144444.44444444444,8.295604395604395,0.7583333333333333
AI0972,Orbit Tech 972,2024,Netherlands,NLP,Series A,20.28,153.87,178,17,High Funding,113932.58426966293,7.587278106508876,1.1929411764705884
AI0258,Logic Intelligence 258,2023,France,Autonomous Vehicles,Series D,64.82,270.07,302,4,High Funding,214635.76158940396,4.1664609688367795,16.205
AI0336,Alpha AI 336,2025,Brazil,Autonomous Vehicles,Late Stage,204.0,1552.52,1584,13,High Funding,128787.87878787878,7.610392156862745,15.692307692307692
AI0016,Core Analytics 16,2022,South Korea,Legal AI,Late Stage,152.74,1748.12,825,12,High Funding,185139.39393939395,11.445070053686,12.728333333333333
AI0935,Data Intelligence 935,2025,USA,Climate AI,Series D,160.05,1501.67,2299,5,High Funding,69617.22488038277,9.382505467041549,32.010000000000005
AI0325,Deep Analytics 325,2023,India,Retail AI,Pre-Seed,0.26,2.45,5,6,Low Funding,52000.0,9.423076923076923,0.043333333333333335
AI0608,Neural Robotics 608,2025,Australia,Cybersecurity AI,Seed,1.32,6.6,6,13,Low Funding,220000.0,4.999999999999999,0.10153846153846155
AI1073,Astra Robotics 1073,2019,South Korea,Climate AI,Pre-Seed,0.18,1.35,27,7,Low Funding,6666.666666666667,7.500000000000001,0.025714285714285714
AI0817,Mind Analytics 817,2018,Germany,Marketing AI,Seed,0.89,2.82,54,3,Low Funding,16481.48148148148,3.1685393258426964,0.2966666666666667
AI0223,Cognify Tech 223,2023,Singapore,Legal AI,Series C,58.06,408.72,1598,13,High Funding,36332.91614518148,7.03961419221495,4.466153846153846
AI0180,Future Labs 180,2020,Israel,EdTech AI,Seed,1.6,6.06,7,15,Low Funding,228571.42857142858,3.7874999999999996,0.10666666666666667
AI0100,Orbit Robotics 100,2022,China,Healthcare AI,Series A,4.66,18.08,23,15,Low Funding,202608.69565217392,3.879828326180257,0.3106666666666667
AI0758,Mind Intelligence 758,2020,South Korea,Legal AI,Seed,0.88,6.88,16,11,Low Funding,55000.0,7.818181818181818,0.08
AI0522,Quantum Tech 522,2024,Singapore,NLP,Seed,0.45,4.49,13,4,Low Funding,34615.38461538462,9.977777777777778,0.1125
AI0023,Nova Robotics 23,2019,Netherlands,Cybersecurity AI,Seed,1.85,8.03,11,15,Low Funding,168181.81818181818,4.34054054054054,0.12333333333333334
AI0357,Mind Analytics 357,2019,India,FinTech AI,Pre-Seed,0.36,3.55,23,15,Low Funding,15652.173913043478,9.86111111111111,0.024
AI0734,Synth Tech 734,2025,Canada,Robotics,Seed,0.76,7.25,11,16,Low Funding,69090.90909090909,9.539473684210526,0.0475
AI1156,Data Systems 1156,2018,Netherlands,Legal AI,Series A,7.63,32.4,109,8,High Funding,70000.0,4.246395806028834,0.95375
AI0400,Nova Systems 400,2018,Netherlands,Cybersecurity AI,Series A,6.64,45.87,18,5,High Funding,368888.8888888889,6.908132530120482,1.3279999999999998
AI0612,Cognify AI 612,2019,Singapore,Robotics,Seed,0.51,2.33,15,15,Low Funding,34000.0,4.568627450980392,0.034
AI1038,Vision Robotics 1038,2024,China,Agriculture AI,Late Stage,286.84,1931.47,3136,5,High Funding,91466.83673469388,6.733614558638963,57.367999999999995
AI0341,Future Tech 341,2020,Brazil,Healthcare AI,Pre-Seed,0.15,1.45,9,15,Low Funding,16666.666666666668,9.666666666666666,0.01
AI0432,Astra Robotics 432,2023,France,Healthcare AI,Series C,14.9,152.32,217,11,High Funding,68663.59447004608,10.222818791946308,1.3545454545454545
AI0809,Nova AI 809,2023,Israel,Legal AI,Series C,31.37,226.99,80,16,High Funding,392125.0,7.23589416640102,1.960625
AI0218,Vision Analytics 218,2022,Netherlands,Autonomous Vehicles,Series B,27.3,316.55,153,5,High Funding,178431.3725490196,11.595238095238095,5.46
AI0204,Mind AI 204,2018,Switzerland,FinTech AI,Series D,90.52,286.23,1080,7,High Funding,83814.81481481482,3.162063632346443,12.93142857142857
AI0939,Alpha Labs 939,2023,UAE,Computer Vision,Pre-Seed,0.36,3.13,21,3,Low Funding,17142.85714285714,8.694444444444445,0.12
AI1171,Intelli Analytics 1171,2025,South Korea,Marketing AI,Series C,143.96,1518.23,1311,15,High Funding,109809.3058733791,10.546193387051959,9.597333333333333
AI0094,Quantum Analytics 94,2023,Netherlands,Computer Vision,Series C,46.51,371.98,1497,5,High Funding,31068.804275217102,7.997849924747367,9.302
AI0826,Neural Labs 826,2021,UAE,Retail AI,Seed,0.65,3.84,19,7,Low Funding,34210.52631578947,5.907692307692307,0.09285714285714286
AI0069,Vertex Labs 69,2021,India,Healthcare AI,Late Stage,123.42,1377.23,1929,3,High Funding,63981.33748055987,11.15888834872792,41.14
AI0928,Cognify Tech 928,2021,UAE,FinTech AI,Pre-Seed,0.18,0.74,12,6,Low Funding,15000.0,4.111111111111112,0.03
AI0285,Alpha Labs 285,2019,Israel,Robotics,Seed,7.76,56.92,23,3,High Funding,337391.3043478261,7.335051546391753,2.5866666666666664
AI0697,Vertex Labs 697,2024,Switzerland,NLP,Series A,30.85,355.3,211,12,High Funding,146208.53080568722,11.517017828200972,2.5708333333333333
AI0086,Nova Systems 86,2020,Israel,Cybersecurity AI,Pre-Seed,0.15,0.78,9,14,Low Funding,16666.666666666668,5.2,0.010714285714285714
AI0435,Astra Analytics 435,2021,Israel,EdTech AI,Seed,1.48,12.15,24,2,Low Funding,61666.666666666664,8.20945945945946,0.74
AI0869,Orbit AI 869,2024,Japan,AI Infrastructure,Series A,2.72,28.63,8,6,Low Funding,340000.0,10.525735294117647,0.45333333333333337
AI0154,Data AI 154,2020,Canada,Climate AI,Pre-Seed,0.15,0.85,23,11,Low Funding,6521.739130434783,5.666666666666667,0.013636363636363636
AI0076,Future Labs 76,2019,Brazil,Legal AI,Series B,44.62,372.55,220,12,High Funding,202818.18181818182,8.349394890183774,3.7183333333333333
AI1062,Intelli Tech 1062,2022,Brazil,Marketing AI,Series A,8.67,79.69,96,17,High Funding,90312.5,9.191464821222606,0.51
AI0581,Future Intelligence 581,2023,Australia,Agriculture AI,Series D,57.72,365.03,245,17,High Funding,235591.83673469388,6.324151074151073,3.3952941176470586
AI0447,Quantum Analytics 447,2020,Canada,Computer Vision,Series A,8.53,68.32,30,7,High Funding,284333.3333333333,8.009378663540446,1.2185714285714284
AI0704,Data Systems 704,2025,South Korea,Computer Vision,Pre-Seed,0.42,2.25,18,10,Low Funding,23333.333333333332,5.357142857142858,0.041999999999999996
AI0189,Future Tech 189,2024,France,FinTech AI,Late Stage,174.38,973.77,547,9,High Funding,318793.41864716634,5.584183966051152,19.375555555555554
AI0272,Vertex Systems 272,2025,Japan,Healthcare AI,Late Stage,141.72,712.64,743,12,High Funding,190740.24226110365,5.0285069150437485,11.81
AI0237,Deep Analytics 237,2023,South Korea,Computer Vision,Series C,66.41,278.36,633,2,High Funding,104913.112164297,4.191537419063394,33.205
AI0488,Mind Tech 488,2021,Netherlands,Agriculture AI,Seed,2.43,17.9,9,13,Low Funding,270000.0,7.3662551440329205,0.18692307692307694
AI1179,Mind Robotics 1179,2024,Canada,Computer Vision,Series A,5.01,57.74,25,15,Low Funding,200400.0,11.5249500998004,0.33399999999999996
AI0560,Quantum Analytics 560,2023,South Korea,EdTech AI,Series A,8.92,91.4,106,12,High Funding,84150.94339622642,10.24663677130045,0.7433333333333333
AI0118,Vertex Labs 118,2023,UAE,Autonomous Vehicles,Series A,16.6,171.25,191,12,High Funding,86910.99476439791,10.316265060240964,1.3833333333333335
AI0638,Synth Analytics 638,2024,Netherlands,EdTech AI,Seed,1.77,13.32,9,16,Low Funding,196666.66666666666,7.52542372881356,0.110625
AI1129,Deep Robotics 1129,2023,USA,Healthcare AI,Seed,1.5,11.67,5,17,Low Funding,300000.0,7.78,0.08823529411764706
AI0751,Nova Intelligence 751,2025,Canada,Generative AI,Seed,2.36,13.81,32,5,Low Funding,73750.0,5.851694915254238,0.472
AI0513,Logic Tech 513,2024,UAE,Legal AI,Series D,89.21,312.73,777,15,High Funding,114813.38481338481,3.505548705302097,5.947333333333333
AI0634,Core Tech 634,2018,South Korea,Agriculture AI,Series B,18.58,171.0,182,9,High Funding,102087.91208791209,9.203444564047363,2.0644444444444443
AI0812,Vertex Intelligence 812,2020,Israel,FinTech AI,Series A,7.66,29.97,45,5,High Funding,170222.22222222222,3.9125326370757176,1.532
AI1035,Mind Labs 1035,2018,Israel,Autonomous Vehicles,Seed,0.52,5.35,22,13,Low Funding,23636.363636363636,10.288461538461537,0.04
AI1054,Data AI 1054,2024,China,EdTech AI,Series A,5.18,20.59,78,13,Low Funding,66410.2564102564,3.974903474903475,0.3984615384615384
AI0127,Mind Analytics 127,2019,Canada,Marketing AI,Series B,4.42,28.8,42,2,Low Funding,105238.09523809524,6.515837104072398,2.21
AI0791,Cognify Robotics 791,2023,Australia,Robotics,Series A,18.46,155.49,80,6,High Funding,230750.0,8.423076923076923,3.0766666666666667
AI0117,Neural Analytics 117,2018,Singapore,EdTech AI,Series A,2.98,18.08,23,12,Low Funding,129565.21739130435,6.067114093959731,0.24833333333333332
AI0474,Intelli AI 474,2021,Israel,NLP,Pre-Seed,0.43,1.94,7,17,Low Funding,61428.57142857143,4.511627906976744,0.025294117647058825
AI0741,Cognify Tech 741,2024,Switzerland,AI Infrastructure,Series B,31.03,243.93,603,12,High Funding,51459.36981757877,7.861102159200773,2.5858333333333334
AI1030,Intelli Systems 1030,2022,Israel,Computer Vision,Late Stage,74.71,284.54,528,15,High Funding,141496.21212121213,3.808593227144961,4.980666666666666
AI0058,Alpha Labs 58,2018,Brazil,Generative AI,Series A,3.47,24.85,53,2,Low Funding,65471.698113207545,7.161383285302594,1.735
AI0604,Data Robotics 604,2023,UAE,Cybersecurity AI,Seed,1.24,7.66,7,12,Low Funding,177142.85714285713,6.17741935483871,0.10333333333333333
AI0787,Quantum Systems 787,2024,Australia,Cybersecurity AI,Series C,42.66,327.79,1138,11,High Funding,37486.818980667835,7.683778715424286,3.878181818181818
AI1007,Logic Analytics 1007,2021,Japan,Climate AI,Series B,4.91,44.79,14,15,Low Funding,350714.28571428574,9.122199592668023,0.32733333333333337
AI0657,Data Systems 657,2024,USA,EdTech AI,Series D,290.91,2522.27,891,4,High Funding,326498.3164983165,8.670276030387404,72.7275
AI0936,Neural Tech 936,2018,Singapore,Retail AI,Seed,0.21,2.26,8,8,Low Funding,26250.0,10.761904761904761,0.02625
AI1113,Core Tech 1113,2025,Israel,Retail AI,Series A,10.17,110.71,18,8,High Funding,565000.0,10.885939036381513,1.27125
AI0106,Future Robotics 106,2019,Israel,Healthcare AI,Series A,3.67,41.9,14,5,Low Funding,262142.85714285713,11.416893732970028,0.734
AI0636,Cognify Analytics 636,2019,India,EdTech AI,Series C,32.03,329.35,178,5,High Funding,179943.8202247191,10.282547611614111,6.406000000000001
AI0370,Astra Tech 370,2024,UK,Robotics,Seed,0.45,4.55,7,14,Low Funding,64285.71428571428,10.11111111111111,0.03214285714285715
AI0269,Synth Tech 269,2024,Germany,Autonomous Vehicles,Series A,8.51,67.39,112,8,High Funding,75982.14285714286,7.918918918918919,1.06375
AI0656,Deep Intelligence 656,2022,India,Cybersecurity AI,Series A,4.97,51.45,44,6,Low Funding,112954.54545454546,10.35211267605634,0.8283333333333333
AI0820,Synth Robotics 820,2018,Singapore,Climate AI,Series A,1.96,10.16,5,10,Low Funding,392000.0,5.183673469387755,0.196
AI0823,Data Tech 823,2023,UAE,Cybersecurity AI,Pre-Seed,0.4,3.95,11,1,Low Funding,36363.63636363636,9.875,0.4
AI0047,Nova Tech 47,2025,Germany,Autonomous Vehicles,Series C,80.75,766.6,595,8,High Funding,135714.2857142857,9.493498452012384,10.09375
AI0350,Future Robotics 350,2024,Brazil,Generative AI,Series A,27.99,272.44,316,1,High Funding,88575.9493670886,9.733476241514827,27.99
AI0774,Cognify Tech 774,2021,UAE,Legal AI,Seed,1.88,6.93,9,5,Low Funding,208888.88888888888,3.6861702127659575,0.376
AI0196,Cognify Labs 196,2019,Canada,Cybersecurity AI,Series B,5.06,26.77,81,3,Low Funding,62469.135802469136,5.290513833992096,1.6866666666666665
AI0103,Intelli Tech 103,2019,Switzerland,Cybersecurity AI,Seed,2.84,12.26,15,5,Low Funding,189333.33333333334,4.316901408450704,0.568
AI0005,Data Intelligence 5,2020,Netherlands,Agriculture AI,Series D,26.18,103.25,71,5,High Funding,368732.3943661972,3.943850267379679,5.236
AI0620,Mind Systems 620,2020,China,Healthcare AI,Seed,0.84,6.07,19,5,Low Funding,44210.52631578947,7.226190476190477,0.16799999999999998
AI0572,Intelli Intelligence 572,2020,Singapore,NLP,Series A,7.23,31.75,22,6,High Funding,328636.36363636365,4.391424619640387,1.205
AI0053,Mind Robotics 53,2020,Israel,Computer Vision,Series D,135.1,468.03,2109,15,High Funding,64058.79563774301,3.464322723908216,9.006666666666666
AI0264,Neural Analytics 264,2018,USA,AI Infrastructure,Seed,0.26,2.71,10,14,Low Funding,26000.0,10.423076923076923,0.018571428571428572
AI1112,Alpha Systems 1112,2018,UAE,Computer Vision,Seed,0.48,5.27,29,4,Low Funding,16551.724137931036,10.979166666666666,0.12
AI0444,Orbit Robotics 444,2025,UK,Autonomous Vehicles,Seed,1.72,7.51,16,6,Low Funding,107500.0,4.366279069767442,0.2866666666666667
AI1008,Intelli Intelligence 1008,2022,Japan,Robotics,Seed,0.56,6.58,32,11,Low Funding,17500.0,11.749999999999998,0.05090909090909091
AI0783,Quantum Systems 783,2025,Germany,Climate AI,Series D,105.37,1099.37,1794,1,High Funding,58734.671125975474,10.433425073550344,105.37
AI0838,Vertex Intelligence 838,2022,China,Marketing AI,Series C,52.87,588.05,392,16,High Funding,134872.44897959183,11.122564781539625,3.304375
AI0986,Core Robotics 986,2019,South Korea,Marketing AI,Series B,6.05,43.76,94,14,High Funding,64361.70212765958,7.2330578512396695,0.4321428571428571
AI0692,Core Robotics 692,2023,Germany,Computer Vision,Pre-Seed,0.39,4.4,11,14,Low Funding,35454.545454545456,11.282051282051283,0.027857142857142858
AI0305,Vision Intelligence 305,2019,Singapore,Legal AI,Late Stage,40.04,178.77,498,1,High Funding,80401.6064257028,4.464785214785215,40.04
AI0342,Core Analytics 342,2021,UK,Healthcare AI,Series A,3.07,29.35,23,8,Low Funding,133478.26086956522,9.560260586319218,0.38375
AI0899,Quantum Tech 899,2024,USA,Marketing AI,Series B,61.43,374.47,297,13,High Funding,206835.01683501684,6.095881491128114,4.725384615384615
AI0314,Logic Tech 314,2024,Canada,Cybersecurity AI,Series D,121.82,1134.18,411,13,High Funding,296399.0267639903,9.310293876210803,9.37076923076923
AI0150,Astra Systems 150,2025,UK,Agriculture AI,Series A,2.77,19.74,7,10,Low Funding,395714.28571428574,7.1263537906137175,0.277
AI0125,Core Labs 125,2022,France,Retail AI,Seed,1.57,14.19,16,4,Low Funding,98125.0,9.038216560509554,0.3925
AI1082,Vertex Labs 1082,2022,France,Healthcare AI,Series B,4.75,31.63,18,2,Low Funding,263888.8888888889,6.658947368421052,2.375
AI0575,Mind Intelligence 575,2024,Australia,Autonomous Vehicles,Pre-Seed,0.95,10.42,8,9,Low Funding,118750.0,10.96842105263158,0.10555555555555556
AI0698,Synth Tech 698,2019,China,Autonomous Vehicles,Seed,0.42,1.79,18,12,Low Funding,23333.333333333332,4.261904761904762,0.034999999999999996
AI0665,Intelli AI 665,2018,Switzerland,NLP,Seed,0.68,7.88,15,7,Low Funding,45333.333333333336,11.588235294117647,0.09714285714285716
AI0051,Synth Systems 51,2024,Switzerland,FinTech AI,Pre-Seed,0.33,3.4,6,17,Low Funding,55000.0,10.303030303030303,0.019411764705882354
AI0727,Nova Systems 727,2020,South Korea,EdTech AI,Series B,15.86,144.29,56,13,High Funding,283214.28571428574,9.097730138713745,1.22
AI0800,Neural Analytics 800,2020,Switzerland,Marketing AI,Seed,1.31,11.16,9,15,Low Funding,145555.55555555556,8.51908396946565,0.08733333333333333
AI0834,Orbit Labs 834,2021,Germany,Agriculture AI,Series A,3.64,36.49,11,4,Low Funding,330909.0909090909,10.024725274725276,0.91
AI0354,Future Robotics 354,2025,Singapore,AI Infrastructure,Seed,4.15,28.73,35,13,Low Funding,118571.42857142858,6.92289156626506,0.31923076923076926
AI1172,Cognify Analytics 1172,2020,UK,Legal AI,Series A,5.525,23.33,13,1,High Funding,425000.0,4.2226244343891395,5.525
AI0143,Data Robotics 143,2021,South Korea,Healthcare AI,Series A,10.52,49.71,22,2,High Funding,478181.8181818182,4.725285171102662,5.26
AI0471,Nova Labs 471,2022,South Korea,Autonomous Vehicles,Late Stage,77.38,538.49,476,7,High Funding,162563.02521008404,6.959033341948825,11.054285714285713
AI0654,Astra Analytics 654,2022,Israel,Cybersecurity AI,Series B,26.5,137.62,333,13,High Funding,79579.57957957959,5.193207547169812,2.0384615384615383
AI0931,Cognify Intelligence 931,2024,China,Computer Vision,Series A,3.16,13.62,37,12,Low Funding,85405.4054054054,4.310126582278481,0.26333333333333336
AI0949,Mind Systems 949,2023,USA,FinTech AI,Series A,5.11,26.38,58,13,Low Funding,88103.44827586207,5.162426614481409,0.3930769230769231
AI0321,Orbit Tech 321,2025,India,EdTech AI,Series B,22.39,80.95,544,10,High Funding,41158.08823529412,3.615453327378294,2.239
AI0020,Core AI 20,2020,China,Marketing AI,Series A,0.9,5.42,25,8,Low Funding,36000.0,6.022222222222222,0.1125
AI0685,Data AI 685,2018,Switzerland,EdTech AI,Series A,9.53,57.86,97,14,High Funding,98247.42268041238,6.071353620146905,0.6807142857142857
AI0036,Nova Intelligence 36,2022,South Korea,NLP,Series C,29.62,235.93,461,3,High Funding,64251.626898047725,7.965226198514517,9.873333333333333
AI0825,Synth Intelligence 825,2025,India,EdTech AI,Seed,1.85,12.49,11,5,Low Funding,168181.81818181818,6.751351351351351,0.37
AI0506,Quantum AI 506,2018,Singapore,Cybersecurity AI,Pre-Seed,0.18,0.63,17,14,Low Funding,10588.235294117647,3.5,0.012857142857142857
AI0828,Mind Robotics 828,2019,Israel,Generative AI,Seed,0.76,5.41,11,6,Low Funding,69090.90909090909,7.118421052631579,0.12666666666666668
AI1090,Deep Systems 1090,2019,Singapore,Legal AI,Series A,14.52,147.07,117,12,High Funding,124102.56410256411,10.128787878787879,1.21
AI0408,Mind Robotics 408,2025,India,Climate AI,Series A,5.55,45.43,37,13,High Funding,150000.0,8.185585585585585,0.4269230769230769
AI0818,Core Robotics 818,2020,USA,Generative AI,Series A,4.2,47.77,66,9,Low Funding,63636.36363636364,11.373809523809523,0.4666666666666667
AI0867,Mind Tech 867,2022,France,NLP,Series C,43.93,208.95,280,9,High Funding,156892.85714285713,4.75643068518097,4.881111111111111
AI0538,Future Intelligence 538,2024,UAE,Climate AI,Seed,0.84,6.91,9,11,Low Funding,93333.33333333333,8.226190476190476,0.07636363636363636
AI0759,Astra Labs 759,2018,Japan,EdTech AI,Series C,31.3,148.95,293,13,High Funding,106825.9385665529,4.758785942492012,2.4076923076923076
AI1088,Alpha Analytics 1088,2025,Netherlands,AI Infrastructure,Late Stage,150.28,1200.94,2743,10,High Funding,54786.729857819904,7.991349480968858,15.028
AI0926,Cognify AI 926,2020,UAE,Agriculture AI,Series A,1.32,13.26,5,13,Low Funding,264000.0,10.045454545454545,0.10153846153846155
AI0039,Future Intelligence 39,2018,China,Generative AI,Series B,14.87,138.86,209,1,High Funding,71148.32535885168,9.33826496301278,14.87
AI0176,Neural Robotics 176,2023,Canada,EdTech AI,Series A,2.72,18.79,3,5,Low Funding,906666.6666666666,6.908088235294117,0.544
AI0246,Quantum AI 246,2023,USA,Autonomous Vehicles,Pre-Seed,0.55,6.01,13,3,Low Funding,42307.692307692305,10.927272727272726,0.18333333333333335
AI0811,NexGen Labs 811,2020,Australia,FinTech AI,Seed,0.61,2.85,10,17,Low Funding,61000.0,4.672131147540984,0.03588235294117647
AI1104,Synth Robotics 1104,2018,China,Generative AI,Series A,2.34,21.98,8,10,Low Funding,292500.0,9.393162393162394,0.23399999999999999
AI0998,Nova Labs 998,2021,China,Autonomous Vehicles,Late Stage,220.51,843.07,2923,5,High Funding,75439.6168320219,3.8232733209378265,44.102
AI0785,Data Systems 785,2019,Brazil,EdTech AI,Series A,9.7,93.68,63,10,High Funding,153968.25396825396,9.657731958762888,0.97
AI0490,Vision Tech 490,2022,China,EdTech AI,Series C,12.2,112.91,129,13,High Funding,94573.64341085272,9.254918032786886,0.9384615384615385
AI0155,Logic Tech 155,2022,Canada,NLP,Seed,2.16,11.64,27,6,Low Funding,80000.0,5.388888888888888,0.36000000000000004
AI0639,Vision Tech 639,2019,Canada,Generative AI,Seed,1.09,9.07,5,15,Low Funding,218000.0,8.321100917431192,0.07266666666666667
AI0663,Future Labs 663,2022,Switzerland,Autonomous Vehicles,Series D,73.24,510.72,2016,17,High Funding,36329.36507936508,6.973238667394867,4.3082352941176465
AI0854,Neural Analytics 854,2020,Switzerland,Climate AI,Late Stage,97.85,1024.27,368,17,High Funding,265896.73913043475,10.467756770567195,5.7558823529411764
AI0288,Core Robotics 288,2022,Singapore,Healthcare AI,Seed,1.07,7.42,14,3,Low Funding,76428.57142857143,6.934579439252336,0.3566666666666667
AI0626,Future Robotics 626,2019,Netherlands,Agriculture AI,Series A,3.74,26.99,19,10,Low Funding,196842.1052631579,7.216577540106951,0.374
AI1146,Vision Labs 1146,2023,South Korea,Healthcare AI,Series A,5.59,58.7,20,7,High Funding,279500.0,10.500894454382827,0.7985714285714286
AI0686,Nova Intelligence 686,2023,UK,Computer Vision,Series A,7.36,82.83,69,6,High Funding,106666.66666666667,11.254076086956522,1.2266666666666668
AI1036,Logic Intelligence 1036,2019,South Korea,Autonomous Vehicles,Series B,14.19,156.92,75,17,High Funding,189200.0,11.058491895701197,0.8347058823529412
AI0905,Orbit Systems 905,2020,Singapore,Autonomous Vehicles,Series B,9.59,80.51,22,12,High Funding,435909.0909090909,8.395203336809177,0.7991666666666667
AI0570,Vertex Robotics 570,2024,UK,Agriculture AI,Pre-Seed,0.81,4.95,8,8,Low Funding,101250.0,6.111111111111111,0.10125
AI1163,Orbit Intelligence 1163,2019,France,Agriculture AI,Series A,3.8,13.17,21,9,Low Funding,180952.38095238095,3.4657894736842105,0.4222222222222222
AI0735,Vision AI 735,2019,Australia,Legal AI,Seed,0.45,3.31,17,6,Low Funding,26470.58823529412,7.355555555555555,0.075
AI0793,NexGen Systems 793,2022,UAE,NLP,Series A,6.1,70.88,21,3,High Funding,290476.1904761905,11.61967213114754,2.033333333333333
AI0018,Vertex Analytics 18,2025,Japan,FinTech AI,Series B,16.95,140.56,201,8,High Funding,84328.35820895522,8.292625368731564,2.11875
AI0128,Neural Intelligence 128,2018,UK,Autonomous Vehicles,Series A,11.9,109.89,66,7,High Funding,180303.0303030303,9.234453781512604,1.7
AI0323,NexGen Labs 323,2021,Japan,Computer Vision,Series A,2.09,19.58,26,8,Low Funding,80384.61538461538,9.368421052631579,0.26125
AI0256,Nova Tech 256,2020,Israel,FinTech AI,Series C,54.6,602.06,283,13,High Funding,192932.8621908127,11.026739926739925,4.2
AI0978,Vision AI 978,2025,France,Legal AI,Pre-Seed,0.37,4.12,10,4,Low Funding,37000.0,11.135135135135135,0.0925
AI1199,Astra Labs 1199,2020,South Korea,AI Infrastructure,Series B,8.59,73.09,68,14,High Funding,126323.5294117647,8.508731082654249,0.6135714285714285
AI0191,Cognify Systems 191,2024,China,Healthcare AI,Series B,33.82,152.84,226,6,High Funding,149646.01769911504,4.519219396806624,5.636666666666667
AI0116,Neural Systems 116,2021,Australia,Cybersecurity AI,Series A,6.7,65.92,27,9,High Funding,248148.14814814815,9.838805970149254,0.7444444444444445
AI1193,Core Tech 1193,2022,Netherlands,Healthcare AI,Late Stage,238.79,2579.12,1180,6,High Funding,202364.40677966102,10.800787302650864,39.79833333333333
AI0922,NexGen Intelligence 922,2024,Singapore,Healthcare AI,Series C,28.03,238.17,479,15,High Funding,58517.745302713985,8.49696753478416,1.8686666666666667
AI0607,Alpha Labs 607,2024,Switzerland,FinTech AI,Series A,12.59,85.07,145,3,High Funding,86827.58620689655,6.756949960285941,4.196666666666666
AI0181,Future Tech 181,2022,Singapore,Robotics,Series A,1.81,17.34,10,5,Low Funding,181000.0,9.580110497237568,0.362
AI0302,Future AI 302,2018,Japan,FinTech AI,Series C,26.92,137.71,289,6,High Funding,93148.78892733564,5.115527488855869,4.486666666666667
AI0497,Logic Systems 497,2020,Singapore,Marketing AI,Series B,11.19,90.44,171,15,High Funding,65438.59649122807,8.082216264521895,0.746
AI0349,Astra Robotics 349,2025,South Korea,Legal AI,Series B,25.91,214.08,589,12,High Funding,43989.81324278438,8.262446931686608,2.1591666666666667
AI1055,Quantum Intelligence 1055,2018,India,Healthcare AI,Series B,34.07,129.19,603,8,High Funding,56500.82918739635,3.791899031405929,4.25875
AI1020,Data Systems 1020,2022,Australia,FinTech AI,Seed,0.31,2.16,21,16,Low Funding,14761.904761904761,6.967741935483872,0.019375
AI0745,Nova Intelligence 745,2020,Singapore,EdTech AI,Pre-Seed,0.26,2.83,10,10,Low Funding,26000.0,10.884615384615385,0.026000000000000002
AI1101,NexGen Systems 1101,2020,Switzerland,Climate AI,Series B,51.59,523.95,283,13,High Funding,182296.81978798588,10.156037991858888,3.968461538461539
AI0991,Neural Analytics 991,2019,Switzerland,Robotics,Series B,5.525,108.19,148,8,High Funding,37331.08108108108,19.581900452488686,0.690625
AI0518,Vertex AI 518,2023,Australia,Autonomous Vehicles,Seed,1.84,8.31,22,6,Low Funding,83636.36363636363,4.516304347826087,0.3066666666666667
AI0373,Data Systems 373,2019,USA,Legal AI,Seed,2.14,12.25,15,3,Low Funding,142666.66666666666,5.724299065420561,0.7133333333333334
AI0046,Intelli Analytics 46,2021,Australia,Generative AI,Series A,3.81,23.56,78,11,Low Funding,48846.153846153844,6.183727034120735,0.3463636363636364
AI0477,Neural Robotics 477,2018,South Korea,Agriculture AI,Series C,16.34,118.76,87,3,High Funding,187816.091954023,7.268053855569156,5.446666666666666
AI0158,Data Labs 158,2019,USA,Marketing AI,Series D,38.04,262.07,132,12,High Funding,288181.8181818182,6.889327024185068,3.17
AI1066,Nova Analytics 1066,2020,Japan,Legal AI,Series C,69.77,392.98,1645,10,High Funding,42413.37386018237,5.632506808083704,6.976999999999999
AI0172,Nova Labs 172,2022,Germany,Marketing AI,Pre-Seed,0.45,4.3,15,13,Low Funding,30000.0,9.555555555555555,0.03461538461538462
AI0017,Neural Tech 17,2021,Singapore,Generative AI,Series B,21.2,216.11,266,3,High Funding,79699.24812030075,10.193867924528304,7.066666666666666
AI0512,Future Labs 512,2019,Switzerland,Cybersecurity AI,Seed,0.7,7.54,6,8,Low Funding,116666.66666666667,10.771428571428572,0.0875
AI0049,Logic Systems 49,2023,Canada,FinTech AI,Series C,60.28,438.09,243,9,High Funding,248065.84362139917,7.267584605175846,6.697777777777778
AI0192,Nova Systems 192,2020,China,Generative AI,Seed,0.97,4.24,16,4,Low Funding,60625.0,4.371134020618557,0.2425
AI0547,Mind Intelligence 547,2022,Switzerland,AI Infrastructure,Series A,3.27,31.82,14,13,Low Funding,233571.42857142858,9.730886850152904,0.25153846153846154
AI0516,Vertex Labs 516,2020,South Korea,EdTech AI,Series A,1.36,13.32,9,7,Low Funding,151111.11111111112,9.794117647058822,0.1942857142857143
AI1014,Vision Systems 1014,2020,Brazil,AI Infrastructure,Series B,11.82,51.92,55,9,High Funding,214909.0909090909,4.392554991539763,1.3133333333333335
AI1079,Synth Intelligence 1079,2023,Netherlands,Healthcare AI,Series A,10.97,71.72,106,13,High Funding,103490.56603773584,6.537830446672744,0.8438461538461539
AI0829,Deep Intelligence 829,2024,Australia,Cybersecurity AI,Series D,165.4,1473.05,2143,2,High Funding,77181.52123191787,8.905985489721886,82.7
AI1097,Cognify Tech 1097,2019,Israel,Retail AI,Seed,1.37,9.48,6,10,Low Funding,228333.33333333334,6.91970802919708,0.137
AI0481,Cognify Intelligence 481,2021,Japan,Autonomous Vehicles,Pre-Seed,0.56,2.55,4,15,Low Funding,140000.0,4.553571428571428,0.037333333333333336
AI1148,Intelli Analytics 1148,2019,China,Agriculture AI,Series B,14.09,74.59,262,3,High Funding,53778.62595419848,5.293825408090845,4.696666666666666
AI0284,Astra Intelligence 284,2024,Brazil,Computer Vision,Pre-Seed,0.3,2.23,9,13,Low Funding,33333.333333333336,7.433333333333334,0.023076923076923075
AI1049,Cognify Systems 1049,2022,UAE,AI Infrastructure,Series A,3.85,17.6,13,12,Low Funding,296153.8461538461,4.571428571428572,0.32083333333333336
AI0798,Future Robotics 798,2024,UAE,AI Infrastructure,Series B,25.46,251.13,385,12,High Funding,66129.87012987013,9.863707776904949,2.1216666666666666
AI0974,Intelli Analytics 974,2020,UAE,Agriculture AI,Series A,10.16,39.02,66,5,High Funding,153939.39393939395,3.8405511811023625,2.032
AI0226,Astra Tech 226,2019,South Korea,FinTech AI,Series A,3.17,34.86,29,4,Low Funding,109310.3448275862,10.996845425867509,0.7925
AI0027,Quantum Analytics 27,2023,France,Computer Vision,Series B,23.83,201.59,90,14,High Funding,264777.77777777775,8.45950482584977,1.702142857142857
AI0283,Intelli Systems 283,2023,South Korea,Autonomous Vehicles,Series D,142.2,710.79,498,8,High Funding,285542.1686746988,4.998523206751055,17.775
AI1169,Mind AI 1169,2020,Singapore,Healthcare AI,Seed,1.28,14.45,27,4,Low Funding,47407.40740740741,11.2890625,0.32
AI0438,Synth Tech 438,2025,Japan,EdTech AI,Late Stage,290.86,1721.61,3120,10,High Funding,93224.35897435897,5.9190332118545,29.086000000000002
AI1187,Core Tech 1187,2025,Brazil,Cybersecurity AI,Seed,5.04,29.79,34,7,Low Funding,148235.29411764705,5.910714285714286,0.72
AI0365,Alpha Labs 365,2024,USA,Autonomous Vehicles,Seed,1.49,12.41,19,8,Low Funding,78421.05263157895,8.328859060402685,0.18625
AI0230,Alpha Labs 230,2022,Switzerland,Autonomous Vehicles,Pre-Seed,0.43,2.76,10,14,Low Funding,43000.0,6.4186046511627906,0.030714285714285715
AI0038,Orbit Robotics 38,2018,Brazil,Retail AI,Series A,1.98,11.17,23,16,Low Funding,86086.95652173914,5.641414141414141,0.12375
AI0670,Alpha AI 670,2024,France,Healthcare AI,Seed,2.42,11.88,40,3,Low Funding,60500.0,4.909090909090909,0.8066666666666666
AI0750,Astra Tech 750,2019,Australia,Robotics,Late Stage,27.32,209.55,343,9,High Funding,79650.14577259475,7.6702049780380674,3.035555555555556
AI1200,Core Labs 1200,2022,Canada,Robotics,Seed,0.42,2.57,20,12,Low Funding,21000.0,6.119047619047619,0.034999999999999996
AI0375,Astra AI 375,2018,Netherlands,Cybersecurity AI,Seed,0.92,8.28,10,10,Low Funding,92000.0,8.999999999999998,0.092
AI0470,Cognify Robotics 470,2021,Singapore,Agriculture AI,Series C,6.93,82.84,29,10,High Funding,238965.5172413793,11.953823953823955,0.693
AI0883,Mind Robotics 883,2020,Japan,Robotics,Late Stage,429.54,4127.17,2997,9,High Funding,143323.32332332333,9.608348465800624,47.72666666666667
AI1044,Intelli Labs 1044,2018,Israel,Legal AI,Series B,12.33,92.11,61,17,High Funding,202131.1475409836,7.470397404703974,0.7252941176470589
AI0460,Orbit Analytics 460,2020,Brazil,Computer Vision,Pre-Seed,0.39,2.36,19,4,Low Funding,20526.315789473683,6.051282051282051,0.0975
AI0688,Mind Intelligence 688,2022,Australia,FinTech AI,Seed,0.86,7.76,7,11,Low Funding,122857.14285714286,9.023255813953488,0.07818181818181819
AI0033,Deep AI 33,2021,Switzerland,Climate AI,Series B,17.06,82.68,124,17,High Funding,137580.64516129033,4.846424384525206,1.0035294117647058
AI0640,Quantum Tech 640,2025,Canada,Autonomous Vehicles,Seed,1.22,6.49,22,17,Low Funding,55454.545454545456,5.3196721311475414,0.07176470588235294
AI1058,Deep Robotics 1058,2024,Netherlands,Autonomous Vehicles,Seed,2.53,21.48,26,15,Low Funding,97307.69230769231,8.4901185770751,0.16866666666666666
AI0195,Nova Systems 195,2024,Germany,AI Infrastructure,Series D,107.23,502.54,681,9,High Funding,157459.61820851688,4.686561596568125,11.914444444444445
AI1125,NexGen Labs 1125,2023,Australia,Climate AI,Seed,2.31,23.66,6,3,Low Funding,385000.0,10.242424242424242,0.77
AI0987,Deep Analytics 987,2021,Singapore,Cybersecurity AI,Late Stage,217.94,2034.88,2725,6,High Funding,79977.98165137615,9.33688171056254,36.32333333333333
AI0504,Cognify Systems 504,2025,Switzerland,NLP,Seed,1.33,5.29,6,8,Low Funding,221666.66666666666,3.977443609022556,0.16625
AI0916,Intelli Robotics 916,2023,Canada,Autonomous Vehicles,Series C,42.53,342.2,452,16,High Funding,94092.9203539823,8.046085116388431,2.658125
AI1086,Deep Robotics 1086,2018,Singapore,Autonomous Vehicles,Pre-Seed,0.21,1.02,7,15,Low Funding,30000.0,4.857142857142858,0.014
AI1023,Vertex Intelligence 1023,2019,Netherlands,Robotics,Series C,35.98,217.07,133,4,High Funding,270526.3157894737,6.03307392996109,8.995
AI1107,Vertex Analytics 1107,2022,France,Agriculture AI,Series A,2.54,23.51,47,9,Low Funding,54042.55319148936,9.255905511811024,0.2822222222222222
AI0801,Synth Tech 801,2018,Germany,Autonomous Vehicles,Series A,3.0,19.89,25,12,Low Funding,120000.0,6.63,0.25
AI0580,Neural Robotics 580,2019,Israel,Marketing AI,Seed,0.55,4.63,25,13,Low Funding,22000.0,8.418181818181818,0.04230769230769231
AI0161,Alpha Labs 161,2024,Netherlands,Healthcare AI,Series B,9.31,56.6,72,11,High Funding,129305.55555555556,6.0794844253490865,0.8463636363636364
AI0681,Alpha Labs 681,2025,Israel,NLP,Pre-Seed,0.35,3.78,7,9,Low Funding,50000.0,10.8,0.03888888888888889
AI0957,Core Analytics 957,2021,India,EdTech AI,Seed,0.86,4.53,14,4,Low Funding,61428.57142857143,5.267441860465117,0.215
AI1150,Alpha Tech 1150,2018,Japan,Climate AI,Seed,2.03,23.46,4,7,Low Funding,507499.99999999994,11.55665024630542,0.29
AI0163,Logic Labs 163,2025,Brazil,EdTech AI,Series C,67.08,369.02,670,3,High Funding,100119.40298507463,5.501192605843769,22.36
AI0822,Quantum Intelligence 822,2021,USA,Generative AI,Series A,2.62,14.87,4,13,Low Funding,655000.0,5.6755725190839685,0.20153846153846156
AI0706,Vertex AI 706,2022,South Korea,Generative AI,Seed,0.41,1.78,3,2,Low Funding,136666.66666666666,4.341463414634147,0.205
AI1037,Cognify Labs 1037,2025,Germany,Robotics,Series A,6.84,28.32,26,12,High Funding,263076.92307692306,4.140350877192983,0.57
AI0878,Data AI 878,2019,China,Autonomous Vehicles,Seed,1.03,5.78,12,1,Low Funding,85833.33333333333,5.611650485436893,1.03
AI0896,Logic Robotics 896,2021,Japan,Computer Vision,Late Stage,195.31,1504.81,1584,5,High Funding,123301.76767676767,7.704725820490502,39.062
AI0914,Neural Labs 914,2019,China,AI Infrastructure,Pre-Seed,5.525,1.1,5,5,High Funding,1105000.0,0.1990950226244344,1.105
AI0153,Core Intelligence 153,2018,South Korea,Generative AI,Series A,3.92,13.46,37,8,Low Funding,105945.94594594595,3.4336734693877555,0.49
AI1128,Vision Analytics 1128,2019,UK,Retail AI,Late Stage,98.24,1134.74,1002,15,High Funding,98043.9121756487,11.550692182410424,6.549333333333333
AI1034,Vertex Analytics 1034,2023,Switzerland,Autonomous Vehicles,Series A,4.71,36.81,37,6,Low Funding,127297.2972972973,7.815286624203822,0.785
AI0510,Intelli Analytics 510,2019,UK,Generative AI,Series A,1.29,9.42,16,16,Low Funding,80625.0,7.3023255813953485,0.080625
AI0112,Orbit Analytics 112,2024,Israel,Autonomous Vehicles,Seed,2.59,26.05,17,13,Low Funding,152352.9411764706,10.057915057915059,0.1992307692307692
AI0227,Nova Intelligence 227,2022,Singapore,Healthcare AI,Seed,0.77,7.58,10,15,Low Funding,77000.0,9.844155844155845,0.051333333333333335
AI0852,Astra AI 852,2019,Singapore,Computer Vision,Series D,80.29,531.87,262,15,High Funding,306450.38167938933,6.624361688877817,5.352666666666667
AI0104,Vision Tech 104,2021,USA,Agriculture AI,Seed,0.43,3.64,3,15,Low Funding,143333.33333333334,8.465116279069768,0.028666666666666667
AI0422,Vertex Intelligence 422,2019,Brazil,Robotics,Seed,41.69,337.18,415,15,High Funding,100457.8313253012,8.087790837131207,2.779333333333333
AI0420,Neural Robotics 420,2023,Germany,Generative AI,Series A,3.93,39.34,129,9,Low Funding,30465.116279069767,10.010178117048346,0.4366666666666667
AI0968,Quantum Robotics 968,2023,Canada,Healthcare AI,Series B,6.52,58.8,28,5,High Funding,232857.14285714287,9.01840490797546,1.3039999999999998
AI0625,Neural Intelligence 625,2022,China,Agriculture AI,Series C,49.23,241.91,1040,2,High Funding,47336.53846153846,4.913873654275848,24.615
AI0587,Mind Analytics 587,2023,UAE,Autonomous Vehicles,Series A,9.0,76.83,137,14,High Funding,65693.4306569343,8.536666666666667,0.6428571428571429
AI1080,Data Labs 1080,2018,Australia,Retail AI,Series B,13.16,71.27,312,14,High Funding,42179.48717948718,5.415653495440729,0.9400000000000001
AI0920,Vertex Labs 920,2025,Brazil,EdTech AI,Series A,11.33,75.75,112,16,High Funding,101160.71428571429,6.685789938217122,0.708125
AI0673,Nova Analytics 673,2023,Australia,Retail AI,Seed,0.94,3.51,10,17,Low Funding,94000.0,3.734042553191489,0.05529411764705882
AI0120,Alpha Robotics 120,2022,UK,FinTech AI,Seed,1.35,12.19,49,15,Low Funding,27551.020408163266,9.029629629629628,0.09000000000000001
AI0054,Intelli Intelligence 54,2021,China,Generative AI,Series A,1.41,5.74,9,7,Low Funding,156666.66666666666,4.070921985815604,0.20142857142857143
AI0404,Synth Systems 404,2018,Australia,NLP,Series C,36.14,188.51,812,9,High Funding,44507.38916256158,5.216104039845047,4.015555555555555
AI0208,Core Robotics 208,2021,Canada,Agriculture AI,Seed,1.26,11.24,24,16,Low Funding,52500.0,8.920634920634921,0.07875
AI1154,Orbit Robotics 1154,2019,South Korea,Legal AI,Series A,6.51,30.56,14,9,High Funding,465000.0,4.6943164362519205,0.7233333333333333
AI0659,Astra AI 659,2021,Israel,Marketing AI,Seed,1.84,11.22,33,8,Low Funding,55757.57575757576,6.0978260869565215,0.23
AI1116,Intelli AI 1116,2024,Switzerland,Cybersecurity AI,Seed,0.54,4.1,11,17,Low Funding,49090.90909090909,7.592592592592592,0.031764705882352945
AI0233,Logic Robotics 233,2021,USA,Robotics,Series A,7.05,30.94,14,17,High Funding,503571.4285714286,4.388652482269504,0.41470588235294115
AI0009,Cognify Analytics 9,2024,USA,AI Infrastructure,Pre-Seed,0.27,2.0,4,11,Low Funding,67500.0,7.4074074074074066,0.024545454545454547
AI1015,Logic Intelligence 1015,2022,France,Autonomous Vehicles,Late Stage,102.02,1178.71,642,12,High Funding,158909.65732087227,11.553714957851403,8.501666666666667
AI0160,Logic Labs 160,2021,Netherlands,Autonomous Vehicles,Seed,0.43,1.5,11,11,Low Funding,39090.90909090909,3.488372093023256,0.03909090909090909
AI0037,Vision Robotics 37,2021,UAE,AI Infrastructure,Series A,5.49,52.06,82,3,Low Funding,66951.21951219512,9.482695810564664,1.83
AI0453,Nova AI 453,2023,Netherlands,Healthcare AI,Series C,138.84,872.17,1851,3,High Funding,75008.10372771476,6.281835205992509,46.28
AI0652,NexGen Labs 652,2025,Switzerland,Generative AI,Series A,10.33,49.93,53,9,High Funding,194905.6603773585,4.833494675701839,1.1477777777777778
AI0254,Data AI 254,2022,USA,Agriculture AI,Seed,1.0,3.42,9,6,Low Funding,111111.11111111111,3.42,0.16666666666666666
AI0304,Neural Tech 304,2023,Brazil,Agriculture AI,Seed,0.65,7.08,5,5,Low Funding,130000.0,10.892307692307693,0.13
AI0897,Alpha AI 897,2023,Singapore,NLP,Late Stage,732.34,5376.72,8672,7,High Funding,84448.80073800738,7.341835759346751,104.62
AI1068,Deep Labs 1068,2024,Australia,Robotics,Seed,1.05,8.11,10,16,Low Funding,105000.0,7.723809523809523,0.065625
AI0881,Quantum Robotics 881,2022,Brazil,EdTech AI,Series B,9.1,86.28,89,12,High Funding,102247.19101123596,9.481318681318681,0.7583333333333333
AI1152,Logic Tech 1152,2022,Australia,Generative AI,Seed,1.22,7.19,6,14,Low Funding,203333.33333333334,5.89344262295082,0.08714285714285715
AI0624,Nova Robotics 624,2019,Japan,EdTech AI,Series B,16.47,145.38,264,3,High Funding,62386.36363636363,8.82695810564663,5.489999999999999
AI0346,Vertex Tech 346,2024,Netherlands,Agriculture AI,Series A,3.03,19.76,56,17,Low Funding,54107.142857142855,6.521452145214522,0.17823529411764705
AI1050,Deep Systems 1050,2018,UAE,AI Infrastructure,Seed,0.49,5.64,10,2,Low Funding,49000.0,11.510204081632653,0.245
AI0263,NexGen Intelligence 263,2022,UK,Robotics,Series B,12.0,98.54,344,11,High Funding,34883.72093023256,8.211666666666668,1.0909090909090908
AI0151,Alpha AI 151,2020,Brazil,AI Infrastructure,Seed,58.83,408.21,227,1,High Funding,259162.99559471366,6.938806731259561,58.83
AI0473,Data Systems 473,2020,UK,Healthcare AI,Seed,0.49,2.41,10,6,Low Funding,49000.0,4.918367346938776,0.08166666666666667
AI0641,Nova Analytics 641,2023,UK,Marketing AI,Series D,144.91,1317.48,1108,1,High Funding,130785.19855595668,9.091712097163757,144.91
AI1149,NexGen Robotics 1149,2020,Switzerland,Generative AI,Pre-Seed,0.68,4.45,3,6,Low Funding,226666.66666666666,6.544117647058823,0.11333333333333334
AI0551,Neural Intelligence 551,2018,Singapore,Agriculture AI,Series C,29.12,176.87,299,14,High Funding,97391.30434782608,6.073832417582418,2.08
AI0929,Nova Intelligence 929,2023,UAE,Agriculture AI,Seed,2.07,22.32,12,15,Low Funding,172499.99999999997,10.782608695652176,0.13799999999999998
AI0489,Data Labs 489,2018,UAE,NLP,Seed,5.525,34.58,14,15,High Funding,394642.85714285716,6.258823529411764,0.36833333333333335
AI1100,Logic Systems 1100,2020,Brazil,Cybersecurity AI,Series A,4.23,16.06,37,10,Low Funding,114324.32432432432,3.7966903073286047,0.42300000000000004
AI0147,Deep Analytics 147,2020,India,Climate AI,Late Stage,66.4,449.33,412,6,High Funding,161165.04854368934,6.767018072289156,11.066666666666668
AI0403,Vertex Tech 403,2020,India,Climate AI,Seed,0.88,8.5,6,11,Low Funding,146666.66666666666,9.659090909090908,0.08
AI0955,Astra AI 955,2020,UK,Agriculture AI,Series A,10.35,43.5,76,4,High Funding,136184.2105263158,4.202898550724638,2.5875
AI1144,Quantum Analytics 1144,2024,Canada,Computer Vision,Series C,22.71,254.87,356,10,High Funding,63792.13483146067,11.222809335094672,2.271
AI0660,Vision Labs 660,2019,Switzerland,Retail AI,Series A,6.04,58.72,29,1,High Funding,208275.8620689655,9.72185430463576,6.04
AI0464,Intelli Intelligence 464,2018,USA,Cybersecurity AI,Late Stage,91.29,768.3,335,6,High Funding,272507.46268656716,8.416036805783765,15.215000000000002
AI0187,Orbit Systems 187,2019,UAE,Cybersecurity AI,Seed,0.63,4.47,13,17,Low Funding,48461.53846153846,7.095238095238095,0.03705882352941176
AI0609,Astra Systems 609,2021,China,EdTech AI,Series B,27.09,257.37,128,9,High Funding,211640.625,9.500553709856035,3.01
AI0144,Data Labs 144,2025,UAE,Climate AI,Series B,13.59,125.44,89,1,High Funding,152696.62921348316,9.230316409124356,13.59
AI0752,Nova Systems 752,2022,UK,FinTech AI,Pre-Seed,0.4,1.2,3,4,Low Funding,133333.33333333334,2.9999999999999996,0.1
AI0982,NexGen Labs 982,2025,South Korea,Generative AI,Series C,78.23,565.92,514,16,High Funding,152198.44357976655,7.23405343218714,4.889375
AI0198,Future Labs 198,2021,Israel,Retail AI,Series A,13.99,143.44,156,15,High Funding,89679.48717948717,10.253037884203001,0.9326666666666666
AI0884,NexGen AI 884,2025,USA,Retail AI,Series A,2.88,30.01,16,1,Low Funding,180000.0,10.42013888888889,2.88
AI0280,Future Labs 280,2019,Germany,Cybersecurity AI,Series C,16.41,152.32,308,11,High Funding,53279.22077922078,9.282145033516148,1.491818181818182
AI0294,Cognify Analytics 294,2019,Australia,AI Infrastructure,Seed,1.53,5.3,10,4,Low Funding,153000.0,3.464052287581699,0.3825
AI1108,Neural Labs 1108,2023,Japan,Retail AI,Series B,25.83,276.55,371,16,High Funding,69622.64150943396,10.706542779713512,1.614375
AI0401,Cognify AI 401,2025,Brazil,Retail AI,Seed,1.39,5.49,9,3,Low Funding,154444.44444444444,3.9496402877697845,0.4633333333333333
AI0123,Quantum Systems 123,2019,India,Robotics,Series C,19.22,167.17,160,13,High Funding,120125.0,8.697710718002082,1.4784615384615383
AI0203,Neural Tech 203,2024,UAE,Legal AI,Seed,0.95,9.21,9,6,Low Funding,105555.55555555556,9.694736842105264,0.15833333333333333
AI0836,Future Robotics 836,2021,Netherlands,Generative AI,Series C,28.3,142.11,320,15,High Funding,88437.5,5.021554770318022,1.8866666666666667
AI0247,Astra Intelligence 247,2018,China,Computer Vision,Series A,3.6,23.98,17,6,Low Funding,211764.70588235295,6.661111111111111,0.6
AI1159,Intelli Robotics 1159,2021,UAE,Legal AI,Series B,6.28,62.89,112,3,High Funding,56071.42857142857,10.014331210191083,2.0933333333333333
AI0385,Deep Analytics 385,2022,South Korea,Generative AI,Series C,34.0,233.55,123,17,High Funding,276422.76422764227,6.8691176470588236,2.0
AI0855,Alpha Tech 855,2024,Canada,Legal AI,Series A,22.48,257.78,151,5,High Funding,148874.17218543048,11.467081850533807,4.496
AI0220,Quantum Labs 220,2024,Canada,Autonomous Vehicles,Series A,12.27,81.47,105,15,High Funding,116857.14285714286,6.639771801140994,0.818
AI0642,Neural Robotics 642,2023,Germany,Cybersecurity AI,Seed,1.2,12.22,5,11,Low Funding,240000.0,10.183333333333334,0.10909090909090909
AI0002,Alpha Tech 2,2021,Australia,AI Infrastructure,Series C,22.21,241.25,204,16,High Funding,108872.54901960785,10.862224223322826,1.388125
AI0113,NexGen Tech 113,2025,UK,Robotics,Series A,14.62,150.2,52,13,High Funding,281153.8461538461,10.27359781121751,1.1246153846153846
AI0699,Future Intelligence 699,2019,France,Climate AI,Seed,0.15,1.78,8,5,Low Funding,18750.0,11.866666666666667,0.03
AI0952,Future Robotics 952,2021,Brazil,EdTech AI,Series C,34.69,207.43,216,2,High Funding,160601.85185185185,5.979533006630153,17.345
AI1098,Logic AI 1098,2023,India,FinTech AI,Series A,6.35,31.62,59,8,High Funding,107627.1186440678,4.979527559055119,0.79375
AI0442,Mind Systems 442,2025,South Korea,NLP,Series C,102.71,763.49,1494,2,High Funding,68748.32663989291,7.43345341252069,51.355
AI0664,Cognify Labs 664,2023,India,Generative AI,Series C,147.23,1218.53,913,8,High Funding,161259.58378970428,8.27637030496502,18.40375
AI1115,Core Systems 1115,2024,China,Computer Vision,Pre-Seed,0.19,1.56,19,17,Low Funding,10000.0,8.210526315789474,0.011176470588235295
AI0318,Intelli Labs 318,2018,Netherlands,Robotics,Pre-Seed,0.29,2.8,8,15,Low Funding,36250.0,9.655172413793103,0.01933333333333333
AI0649,Logic Robotics 649,2025,Australia,Computer Vision,Pre-Seed,1.04,4.48,3,12,Low Funding,346666.6666666667,4.307692307692308,0.08666666666666667
AI0710,Orbit Labs 710,2025,Canada,EdTech AI,Series B,29.66,133.52,595,10,High Funding,49848.73949579832,4.501685772083615,2.966
AI0973,NexGen Analytics 973,2018,UK,Generative AI,Seed,1.43,15.21,3,12,Low Funding,476666.6666666667,10.636363636363637,0.11916666666666666
AI0628,Orbit Labs 628,2023,France,Climate AI,Series B,10.63,62.1,154,15,High Funding,69025.97402597402,5.8419567262464716,0.7086666666666667
AI0633,Cognify Systems 633,2022,UAE,Cybersecurity AI,Series C,16.5,138.04,55,13,High Funding,300000.0,8.366060606060605,1.2692307692307692
AI1191,Astra Tech 1191,2020,Japan,Marketing AI,Series A,1.11,12.95,29,10,Low Funding,38275.862068965514,11.666666666666664,0.11100000000000002
AI1126,Logic AI 1126,2025,China,Legal AI,Series A,29.53,167.27,244,15,High Funding,121024.59016393442,5.664409075516424,1.9686666666666668
AI0796,Logic Tech 796,2024,India,Legal AI,Seed,1.3,11.59,23,9,Low Funding,56521.739130434784,8.915384615384616,0.14444444444444446
AI0646,Deep Labs 646,2022,Canada,Marketing AI,Series C,40.29,450.96,264,16,High Funding,152613.63636363635,11.192851824274014,2.518125
AI1013,Alpha Tech 1013,2023,France,Retail AI,Pre-Seed,0.18,0.54,3,10,Low Funding,60000.0,3.0000000000000004,0.018
AI0557,Nova Systems 557,2025,India,NLP,Seed,2.64,29.29,40,5,Low Funding,66000.0,11.094696969696969,0.528
AI0682,Vision Labs 682,2022,Brazil,NLP,Series B,10.22,55.86,98,16,High Funding,104285.71428571429,5.465753424657533,0.63875
AI0578,NexGen Analytics 578,2023,Australia,FinTech AI,Pre-Seed,0.25,1.62,5,10,Low Funding,50000.0,6.48,0.025
AI0525,Data Systems 525,2019,Netherlands,Legal AI,Series B,26.61,161.1,232,17,High Funding,114698.27586206897,6.0541149943630215,1.5652941176470587
AI1060,Data Intelligence 1060,2021,Germany,Generative AI,Series A,3.89,26.74,27,9,Low Funding,144074.07407407407,6.874035989717223,0.43222222222222223
AI0541,Future Robotics 541,2024,Australia,Computer Vision,Series B,38.88,310.45,336,13,High Funding,115714.28571428571,7.984825102880658,2.990769230769231
AI0749,Data Robotics 749,2018,Australia,Climate AI,Pre-Seed,0.4,4.43,4,7,Low Funding,100000.0,11.075,0.05714285714285715
AI0485,Deep Analytics 485,2022,Switzerland,EdTech AI,Late Stage,114.12,990.11,2862,11,High Funding,39874.21383647799,8.676042762004906,10.374545454545455
AI0096,Deep Systems 96,2023,Switzerland,Generative AI,Late Stage,337.95,2926.31,2261,12,High Funding,149469.26138876603,8.659002811066726,28.162499999999998
AI1021,Intelli Analytics 1021,2024,Canada,Healthcare AI,Late Stage,152.54,544.95,1244,10,High Funding,122620.57877813505,3.572505572308903,15.254
AI0564,Mind Labs 564,2024,Australia,Retail AI,Series A,3.56,11.84,32,8,Low Funding,111250.0,3.3258426966292136,0.445
AI0743,Future Systems 743,2019,China,Retail AI,Seed,0.67,6.26,9,1,Low Funding,74444.44444444444,9.343283582089551,0.67
AI0864,Vision Intelligence 864,2019,Germany,Autonomous Vehicles,Series A,2.23,14.05,3,17,Low Funding,743333.3333333334,6.300448430493274,0.13117647058823528
AI0892,Alpha AI 892,2024,China,Healthcare AI,Seed,1.87,14.28,8,4,Low Funding,233750.0,7.636363636363636,0.4675
AI1039,NexGen Labs 1039,2018,Brazil,Agriculture AI,Seed,1.64,10.04,10,1,Low Funding,164000.0,6.121951219512195,1.64
AI0207,NexGen Tech 207,2025,Switzerland,Legal AI,Series A,5.35,32.45,71,16,Low Funding,75352.11267605633,6.065420560747665,0.334375
AI0393,Cognify Systems 393,2025,India,Healthcare AI,Late Stage,200.93,1104.56,2273,11,High Funding,88398.59216893972,5.497237844025282,18.266363636363636
AI0795,Vision Labs 795,2018,France,Agriculture AI,Series C,18.54,133.3,75,10,High Funding,247200.0,7.189859762675297,1.8539999999999999
AI0871,NexGen Intelligence 871,2022,Canada,Climate AI,Pre-Seed,0.31,1.14,9,13,Low Funding,34444.444444444445,3.6774193548387095,0.023846153846153847
AI0398,Vertex Tech 398,2023,Japan,EdTech AI,Pre-Seed,0.22,1.45,31,12,Low Funding,7096.774193548387,6.590909090909091,0.018333333333333333
AI0767,Nova Tech 767,2022,France,Healthcare AI,Series B,17.91,107.22,187,1,High Funding,95775.40106951872,5.986599664991624,17.91
AI1119,Astra Analytics 1119,2022,South Korea,Healthcare AI,Seed,0.5,2.84,19,13,Low Funding,26315.78947368421,5.68,0.038461538461538464
AI1029,Synth Tech 1029,2022,USA,AI Infrastructure,Seed,0.42,1.91,5,8,Low Funding,84000.0,4.5476190476190474,0.0525
AI0643,Alpha Systems 643,2025,France,Autonomous Vehicles,Series A,6.11,27.4,41,16,High Funding,149024.39024390245,4.484451718494271,0.381875
AI0613,Data Intelligence 613,2021,Canada,FinTech AI,Series C,38.86,302.45,170,10,High Funding,228588.23529411765,7.783067421513124,3.886
AI0961,Vision AI 961,2018,Japan,FinTech AI,Pre-Seed,0.18,2.06,6,10,Low Funding,30000.0,11.444444444444445,0.018
AI0726,Core Labs 726,2022,UAE,Climate AI,Series A,1.53,6.83,24,15,Low Funding,63750.0,4.4640522875816995,0.10200000000000001
AI0684,Neural Labs 684,2021,Netherlands,Healthcare AI,Series B,15.15,156.51,64,17,High Funding,236718.75,10.33069306930693,0.8911764705882353
AI0099,Future Analytics 99,2023,USA,Marketing AI,Seed,1.86,8.59,17,12,Low Funding,109411.76470588235,4.618279569892473,0.155
AI0805,Mind Labs 805,2023,Brazil,Generative AI,Series D,90.28,991.95,402,14,High Funding,224577.1144278607,10.987483385024369,6.448571428571428
AI0407,Neural Analytics 407,2023,Switzerland,Computer Vision,Series C,23.45,88.21,124,17,High Funding,189112.90322580645,3.7616204690831556,1.3794117647058823
AI0503,Logic Robotics 503,2022,Israel,Computer Vision,Series A,6.58,69.81,62,17,High Funding,106129.03225806452,10.609422492401215,0.3870588235294118
AI1072,Neural Intelligence 1072,2019,France,Marketing AI,Series C,49.42,227.42,705,6,High Funding,70099.29078014185,4.601780655605018,8.236666666666666
AI1057,Alpha Intelligence 1057,2025,India,FinTech AI,Series C,48.25,265.51,462,2,High Funding,104437.22943722944,5.50279792746114,24.125
AI0930,Vision AI 930,2018,Switzerland,Robotics,Series B,11.52,46.29,65,13,High Funding,177230.76923076922,4.018229166666667,0.8861538461538461
AI0780,Astra AI 780,2020,Netherlands,Legal AI,Series A,19.07,102.59,202,4,High Funding,94405.9405940594,5.379653906659675,4.7675
AI0201,Neural AI 201,2024,France,Autonomous Vehicles,Series B,32.41,291.21,400,1,High Funding,81024.99999999999,8.985189756248072,32.41
AI0135,Synth AI 135,2024,Switzerland,AI Infrastructure,Series A,4.15,40.64,38,1,Low Funding,109210.52631578948,9.792771084337348,4.15
AI1052,Synth AI 1052,2018,Australia,Cybersecurity AI,Series A,3.4,40.06,31,12,Low Funding,109677.41935483871,11.782352941176471,0.2833333333333333
AI0041,Vertex Robotics 41,2020,Israel,Legal AI,Series A,4.59,45.3,34,17,Low Funding,135000.0,9.869281045751634,0.27
AI1018,Data Tech 1018,2020,Australia,FinTech AI,Series A,3.29,21.06,44,5,Low Funding,74772.72727272728,6.401215805471124,0.658
AI0231,Data Tech 231,2023,Canada,EdTech AI,Pre-Seed,0.34,1.92,28,5,Low Funding,12142.857142857143,5.647058823529411,0.068
AI0379,Quantum Systems 379,2019,Singapore,NLP,Series A,2.24,18.23,23,3,Low Funding,97391.30434782608,8.138392857142856,0.7466666666666667
AI0289,Synth Labs 289,2018,Canada,FinTech AI,Seed,1.42,15.03,10,5,Low Funding,142000.0,10.584507042253522,0.284
AI0419,Data Tech 419,2025,Brazil,Generative AI,Late Stage,431.63,2638.2,2201,6,High Funding,196106.31531122216,6.112179412923105,71.93833333333333
AI0392,Data AI 392,2020,Canada,Autonomous Vehicles,Seed,0.86,7.24,7,6,Low Funding,122857.14285714286,8.418604651162791,0.14333333333333334
AI0593,Cognify Robotics 593,2022,South Korea,AI Infrastructure,Seed,0.27,3.14,8,1,Low Funding,33750.0,11.62962962962963,0.27
AI1087,Mind Analytics 1087,2018,USA,FinTech AI,Seed,0.62,5.6,7,9,Low Funding,88571.42857142857,9.032258064516128,0.06888888888888889
AI0648,Data AI 648,2018,Netherlands,Autonomous Vehicles,Seed,0.59,6.38,44,14,Low Funding,13409.09090909091,10.813559322033898,0.04214285714285714
AI0521,Alpha Labs 521,2025,Netherlands,Cybersecurity AI,Series B,37.81,412.03,437,2,High Funding,86521.73913043478,10.89738164506744,18.905
AI0065,NexGen Tech 65,2024,Australia,Robotics,Series A,7.24,53.76,19,17,High Funding,381052.63157894736,7.425414364640884,0.4258823529411765
AI0015,Astra Systems 15,2025,UAE,Generative AI,Series B,28.57,207.0,583,3,High Funding,49005.14579759863,7.245362268113405,9.523333333333333
AI1065,Core AI 1065,2023,Israel,Robotics,Series A,5.525,14.44,27,1,High Funding,204629.62962962964,2.6135746606334838,5.525
AI0493,Orbit Labs 493,2018,Canada,Computer Vision,Seed,0.45,3.87,9,17,Low Funding,50000.0,8.6,0.026470588235294117
AI0380,Neural Analytics 380,2018,UK,Cybersecurity AI,Series D,137.48,1103.85,3716,6,High Funding,36996.7707212056,8.029167878964213,22.91333333333333
AI0188,Astra AI 188,2024,Switzerland,Computer Vision,Seed,0.82,8.38,3,7,Low Funding,273333.3333333333,10.219512195121952,0.11714285714285713
AI0764,Cognify Intelligence 764,2019,Japan,FinTech AI,Series A,3.29,22.03,36,10,Low Funding,91388.88888888889,6.6960486322188455,0.329
AI0217,NexGen Intelligence 217,2021,Brazil,Climate AI,Series B,9.46,64.33,28,12,High Funding,337857.14285714284,6.800211416490486,0.7883333333333334
AI0792,Data Robotics 792,2025,Singapore,AI Infrastructure,Series B,8.82,95.71,47,10,High Funding,187659.5744680851,10.851473922902493,0.882
AI1077,Deep Labs 1077,2023,India,NLP,Series A,5.59,30.13,7,12,High Funding,798571.4285714285,5.389982110912343,0.4658333333333333
AI0879,Astra Tech 879,2022,Germany,Legal AI,Late Stage,75.32,788.34,1019,3,High Funding,73915.60353287536,10.466542750929369,25.106666666666666
AI0338,Data AI 338,2020,Netherlands,Retail AI,Series A,3.37,31.81,34,16,Low Funding,99117.64705882352,9.439169139465875,0.210625
AI0720,Nova Systems 720,2021,Netherlands,Generative AI,Series A,3.47,31.84,23,13,Low Funding,150869.5652173913,9.17579250720461,0.26692307692307693
AI0296,Mind Tech 296,2021,Switzerland,FinTech AI,Seed,0.41,4.03,7,8,Low Funding,58571.42857142857,9.829268292682928,0.05125
AI1017,Deep Tech 1017,2019,UAE,Cybersecurity AI,Seed,0.86,10.1,18,3,Low Funding,47777.77777777778,11.744186046511627,0.2866666666666667
AI0456,Vision Systems 456,2020,Australia,Computer Vision,Series A,2.11,11.62,8,9,Low Funding,263750.0,5.507109004739337,0.23444444444444443
AI0816,Intelli Systems 816,2022,Switzerland,Robotics,Series A,11.08,59.65,77,12,High Funding,143896.1038961039,5.383574007220217,0.9233333333333333
AI0270,Nova Intelligence 270,2020,Singapore,AI Infrastructure,Series A,1.41,5.07,6,9,Low Funding,235000.0,3.5957446808510642,0.15666666666666665
AI0996,Neural AI 996,2022,Netherlands,Computer Vision,Late Stage,100.21,1025.38,1098,7,High Funding,91265.93806921676,10.232312144496559,14.315714285714284
AI0202,Cognify Tech 202,2025,China,Retail AI,Seed,0.49,2.47,3,8,Low Funding,163333.33333333334,5.040816326530613,0.06125
AI0162,Vertex Analytics 162,2018,Singapore,Generative AI,Series B,13.34,145.31,61,5,High Funding,218688.52459016393,10.8928035982009,2.668
AI0730,Orbit AI 730,2021,South Korea,EdTech AI,Seed,0.26,1.81,9,10,Low Funding,28888.88888888889,6.961538461538462,0.026000000000000002
AI0402,Vision Intelligence 402,2021,Singapore,FinTech AI,Series A,6.77,26.68,75,13,High Funding,90266.66666666667,3.940915805022157,0.5207692307692308
AI0703,Cognify Labs 703,2018,UAE,Computer Vision,Pre-Seed,0.15,1.69,12,12,Low Funding,12500.0,11.266666666666667,0.012499999999999999
AI1130,Core Analytics 1130,2019,Germany,Retail AI,Series A,4.67,30.64,119,10,Low Funding,39243.6974789916,6.5610278372591,0.46699999999999997
AI0566,Vision Analytics 566,2019,South Korea,Legal AI,Seed,0.9,6.91,19,13,Low Funding,47368.42105263158,7.677777777777778,0.06923076923076923
AI1022,Logic Systems 1022,2018,UK,NLP,Pre-Seed,0.24,2.0,4,17,Low Funding,60000.0,8.333333333333334,0.014117647058823528
AI1026,Cognify AI 1026,2023,India,Generative AI,Series B,10.01,87.51,123,12,High Funding,81382.1138211382,8.742257742257744,0.8341666666666666
AI1105,Data Intelligence 1105,2023,Singapore,Generative AI,Series B,11.46,125.58,142,2,High Funding,80704.22535211267,10.958115183246072,5.73
AI0206,Quantum AI 206,2022,Israel,Legal AI,Pre-Seed,0.15,1.26,8,3,Low Funding,18750.0,8.4,0.049999999999999996
AI0776,Intelli Systems 776,2022,Germany,Autonomous Vehicles,Series B,7.23,71.43,51,9,High Funding,141764.70588235295,9.879668049792532,0.8033333333333333
AI0509,Neural Tech 509,2025,India,FinTech AI,Seed,1.3,6.16,10,11,Low Funding,130000.0,4.7384615384615385,0.11818181818181818
AI0092,Quantum Robotics 92,2021,India,EdTech AI,Series A,5.525,62.21,214,11,High Funding,25817.757009345794,11.25972850678733,0.5022727272727273
AI0898,Future Tech 898,2021,USA,Retail AI,Series B,21.22,204.66,506,3,High Funding,41936.75889328063,9.644674835061263,7.073333333333333
AI0565,Deep AI 565,2021,UK,Autonomous Vehicles,Seed,0.71,5.03,9,14,Low Funding,78888.88888888889,7.084507042253522,0.05071428571428571
AI0777,Neural AI 777,2018,Netherlands,NLP,Series B,10.73,104.41,163,3,High Funding,65828.2208588957,9.730661696178936,3.5766666666666667
AI0242,NexGen Systems 242,2024,South Korea,Climate AI,Series B,10.41,60.47,49,3,High Funding,212448.97959183675,5.808837656099904,3.47
AI0014,Neural AI 14,2020,UK,Cybersecurity AI,Series A,14.65,70.54,425,8,High Funding,34470.58823529412,4.815017064846416,1.83125
AI0316,Alpha Robotics 316,2025,Brazil,EdTech AI,Series B,19.94,76.45,142,15,High Funding,140422.53521126762,3.834002006018054,1.3293333333333335
AI0601,Future Robotics 601,2022,South Korea,Retail AI,Series D,80.21,867.25,315,2,High Funding,254634.92063492062,10.812242862485975,40.105
AI0388,NexGen Robotics 388,2024,USA,Marketing AI,Series C,28.51,171.73,357,12,High Funding,79859.94397759104,6.023500526131182,2.3758333333333335
AI0167,Quantum Intelligence 167,2025,Germany,Climate AI,Series B,23.43,152.88,343,8,High Funding,68309.03790087464,6.524967989756722,2.92875
AI0841,Mind AI 841,2024,China,Climate AI,Pre-Seed,0.15,1.09,14,3,Low Funding,10714.285714285714,7.2666666666666675,0.049999999999999996
AI0021,Intelli Systems 21,2023,UAE,Marketing AI,Series B,37.94,383.09,320,6,High Funding,118562.5,10.097258829731155,6.323333333333333
AI0647,Quantum Systems 647,2022,China,Climate AI,Seed,1.09,4.24,6,10,Low Funding,181666.66666666666,3.8899082568807337,0.10900000000000001
AI1155,Core Robotics 1155,2025,Australia,Computer Vision,Series A,2.55,13.87,20,4,Low Funding,127500.0,5.43921568627451,0.6375
AI0832,Cognify Labs 832,2022,South Korea,Healthcare AI,Series A,18.94,163.18,72,6,High Funding,263055.55555555556,8.615628299894404,3.1566666666666667
AI0563,Vision Analytics 563,2024,India,Computer Vision,Series B,18.98,130.22,53,12,High Funding,358113.2075471698,6.8609062170706006,1.5816666666666668
AI1190,Cognify AI 1190,2025,South Korea,FinTech AI,Pre-Seed,5.525,5.64,19,14,High Funding,290789.4736842105,1.020814479638009,0.3946428571428572
AI0687,Neural Analytics 687,2023,Germany,Healthcare AI,Series A,7.79,35.31,50,17,High Funding,155800.0,4.532734274711168,0.4582352941176471
AI0958,Vision Tech 958,2018,Canada,Computer Vision,Seed,0.47,3.12,26,16,Low Funding,18076.923076923078,6.638297872340426,0.029375
AI0190,Quantum Analytics 190,2023,Singapore,Autonomous Vehicles,Series C,77.71,605.91,548,10,High Funding,141806.5693430657,7.797066014669927,7.770999999999999
AI0976,Vertex Systems 976,2019,South Korea,Generative AI,Series C,38.74,460.03,702,13,High Funding,55185.18518518518,11.874806401652037,2.98
AI0700,Future AI 700,2020,Canada,Computer Vision,Seed,0.4,4.44,7,14,Low Funding,57142.857142857145,11.1,0.028571428571428574
AI0511,Vertex Tech 511,2018,UAE,Robotics,Seed,1.09,10.09,18,17,Low Funding,60555.555555555555,9.256880733944953,0.06411764705882353
AI1083,Astra Intelligence 1083,2022,Australia,Generative AI,Series A,4.96,22.43,19,11,Low Funding,261052.63157894736,4.522177419354839,0.4509090909090909
AI0475,NexGen Labs 475,2020,India,Climate AI,Pre-Seed,0.6,4.6,14,10,Low Funding,42857.142857142855,7.666666666666666,0.06
AI0857,Synth Systems 857,2020,France,Retail AI,Seed,0.5,5.39,13,11,Low Funding,38461.53846153846,10.78,0.045454545454545456
AI0748,Vertex AI 748,2024,South Korea,Autonomous Vehicles,Series B,17.54,188.12,91,9,High Funding,192747.25274725276,10.72519954389966,1.948888888888889
AI0253,Quantum Analytics 253,2021,China,Retail AI,Series B,7.23,79.07,46,2,High Funding,157173.91304347827,10.93637621023513,3.615
AI0022,Nova Analytics 22,2022,Japan,Autonomous Vehicles,Series B,15.71,154.98,92,10,High Funding,170760.86956521738,9.86505410566518,1.5710000000000002
AI1185,Alpha Labs 1185,2025,UK,NLP,Series B,19.11,89.38,97,3,High Funding,197010.30927835053,4.677132391418105,6.37
AI0277,Intelli Robotics 277,2018,UAE,Climate AI,Pre-Seed,0.21,1.03,4,11,Low Funding,52500.0,4.904761904761905,0.01909090909090909
AI0956,NexGen Analytics 956,2020,Japan,Cybersecurity AI,Seed,1.01,8.93,6,6,Low Funding,168333.33333333334,8.841584158415841,0.16833333333333333
AI0386,Deep Analytics 386,2025,Netherlands,Healthcare AI,Series B,75.45,744.41,502,16,High Funding,150298.8047808765,9.86626905235255,4.715625
AI0806,Mind Tech 806,2021,USA,Autonomous Vehicles,Series B,15.41,101.64,181,12,High Funding,85138.12154696132,6.595717066839715,1.2841666666666667
AI0344,Core AI 344,2019,UAE,Agriculture AI,Series C,33.34,119.96,713,8,High Funding,46760.168302945305,3.598080383923215,4.1675
AI0770,Intelli Systems 770,2018,Japan,Climate AI,Seed,1.16,7.81,14,10,Low Funding,82857.14285714286,6.732758620689656,0.11599999999999999
AI0131,Astra Systems 131,2021,South Korea,Autonomous Vehicles,Seed,1.95,17.31,16,12,Low Funding,121875.0,8.876923076923076,0.1625
AI0872,Alpha AI 872,2025,USA,Healthcare AI,Series C,26.43,143.91,297,7,High Funding,88989.898989899,5.444948921679909,3.775714285714286
AI1124,Vision Robotics 1124,2024,China,Generative AI,Seed,4.16,27.31,68,1,Low Funding,61176.470588235294,6.564903846153846,4.16
AI0088,Nova AI 88,2018,Netherlands,AI Infrastructure,Pre-Seed,0.18,1.04,20,6,Low Funding,9000.0,5.777777777777779,0.03
AI0331,Orbit Systems 331,2018,Brazil,Marketing AI,Seed,1.51,11.52,21,1,Low Funding,71904.76190476191,7.629139072847682,1.51
AI0467,Orbit AI 467,2025,South Korea,Healthcare AI,Seed,1.29,8.87,9,4,Low Funding,143333.33333333334,6.875968992248061,0.3225
AI0122,Deep Intelligence 122,2022,Australia,Agriculture AI,Series C,23.99,243.25,107,10,High Funding,224205.60747663552,10.139641517298875,2.399
AI1045,NexGen Systems 1045,2023,Switzerland,Legal AI,Late Stage,536.69,2116.1,1768,7,High Funding,303557.69230769237,3.9428720490413456,76.67
AI1096,Vertex Analytics 1096,2019,Israel,Legal AI,Series C,77.65,845.67,391,15,High Funding,198593.3503836317,10.89079201545396,5.176666666666667
AI1131,Alpha Systems 1131,2019,China,Marketing AI,Series C,5.525,113.56,51,12,High Funding,108333.33333333333,20.553846153846152,0.4604166666666667
AI0861,Logic Robotics 861,2021,France,Agriculture AI,Pre-Seed,0.15,0.54,17,12,Low Funding,8823.529411764706,3.6000000000000005,0.012499999999999999
AI1127,Vertex Analytics 1127,2021,South Korea,Cybersecurity AI,Series B,11.41,78.12,11,7,High Funding,1037272.7272727273,6.846625766871166,1.6300000000000001
